Lunar Terrain Model
Lat: 31.5927 deg;Lng: 29.1079 deg;Elev: -2547 m;Azimuth: -87.00 deg
Distance in meters;Elevation in meters
-0.000000;0.000000
-30.480000;-0.309549
-60.960000;-0.700730
-91.440000;-1.002044
-121.920000;-1.114613
-152.400000;-1.205241
-182.880000;-0.581130
-213.360000;0.026522
-243.840000;0.617718
-274.320000;1.192464
-304.800000;1.865000
-335.280000;2.743175
-365.760000;3.611429
-396.240000;4.060076
-426.720000;4.508719
-457.200000;4.957359
-487.680000;5.405996
-518.160000;5.854629
-548.640000;6.303259
-579.120000;6.753060
-609.600000;7.223576
-640.080000;7.677687
-670.560000;8.111270
-701.040000;8.540797
-731.520000;8.974371
-762.000000;9.425810
-792.480000;9.913988
-822.960000;10.756511
-853.440000;11.582653
-883.920000;12.117971
-914.400000;12.547502
-944.880000;13.147962
-975.360000;14.007025
-1005.840000;14.866089
-1036.320000;15.725155
-1066.800000;16.584221
-1097.280000;17.443288
-1127.760000;18.302356
-1158.240000;19.287323
-1188.720000;20.439228
-1219.200000;21.501335
-1249.680000;21.761501
-1280.160000;22.005342
-1310.640000;22.484304
-1341.120000;23.056168
-1371.600000;23.934920
-1402.080000;25.204541
-1432.560000;26.410562
-1463.040000;27.043047
-1493.520000;27.659230
-1524.000000;27.780238
-1554.480000;27.787828
-1584.960000;27.806104
-1615.440000;27.806104
-1645.920000;27.806104
-1676.400000;27.806104
-1706.880000;27.806104
-1737.360000;28.366016
-1767.840000;29.090227
-1798.320000;29.557477
-1828.800000;29.697693
-1859.280000;29.920281
-1889.760000;30.779373
-1920.240000;31.638466
-1950.720000;32.768835
-1981.200000;33.979642
-2011.680000;35.243058
-2042.160000;36.550615
-2072.640000;37.858169
-2103.120000;39.165721
-2133.600000;40.473270
-2164.080000;41.457510
-2194.560000;42.356380
-2225.040000;43.431552
-2255.520000;44.712892
-2286.000000;46.010980
-2316.480000;47.318514
-2346.960000;48.626046
-2377.440000;49.933575
-2407.920000;51.241102
-2438.400000;52.330080
-2468.880000;53.208046
-2499.360000;54.163667
-2529.840000;55.471184
-2560.320000;56.778698
-2590.800000;58.086209
-2621.280000;59.393719
-2651.760000;60.525108
-2682.240000;61.509371
-2712.720000;62.572678
-2743.200000;63.898998
-2773.680000;65.225311
-2804.160000;66.178378
-2834.640000;67.075117
-2865.120000;67.820933
-2895.600000;68.451107
-2926.080000;69.117895
-2956.560000;69.856891
-2987.040000;70.579734
-3017.520000;71.455408
-3048.000000;72.352098
-3078.480000;73.248782
-3108.960000;74.145459
-3139.440000;75.045983
-3169.920000;75.979281
-3200.400000;76.944809
-3230.880000;77.778356
-3261.360000;78.641431
-3291.840000;79.648030
-3322.320000;80.761120
-3352.800000;82.264416
-3383.280000;84.860822
-3413.760000;87.425006
-3444.240000;90.235641
-3474.720000;93.054565
-3505.200000;95.727965
-3535.680000;98.320729
-3566.160000;100.954062
-3596.640000;103.662470
-3627.120000;106.370852
-3657.600000;109.881461
-3688.080000;113.448942
-3718.560000;117.016400
-3749.040000;120.583834
-3779.520000;124.161655
-3810.000000;127.756235
-3840.480000;131.334744
-3870.960000;135.292630
-3901.440000;139.270851
-3931.920000;143.249053
-3962.400000;147.227236
-3992.880000;151.205399
-4023.360000;155.183543
-4053.840000;159.161667
-4084.320000;163.181071
-4114.800000;167.217635
-4145.280000;171.232672
-4175.760000;175.229354
-4206.240000;178.958944
-4236.720000;182.096414
-4267.200000;185.233859
-4297.680000;189.118770
-4328.160000;193.000722
-4358.640000;198.349101
-4389.120000;204.474937
-4419.600000;210.784173
-4450.080000;217.480899
-4480.560000;224.193585
-4511.040000;231.196983
-4541.520000;238.200496
-4572.000000;245.203989
-4602.480000;252.207462
-4632.960000;259.063179
-4663.440000;265.637023
-4693.920000;272.172623
-4724.400000;276.379571
-4754.880000;280.602442
-4785.360000;284.841232
-4815.840000;289.095935
-4846.320000;294.895312
-4876.800000;303.400780
-4907.280000;311.850979
-4937.760000;319.139366
-4968.240000;326.443651
-4998.720000;333.262017
-5029.200000;339.872663
-5059.680000;345.997195
-5090.160000;351.318996
-5120.640000;356.519150
-5151.120000;359.370478
-5181.600000;362.205875
-5212.080000;363.165271
-5242.560000;363.391230
-5273.040000;363.262851
-5303.520000;362.597778
-5334.000000;361.896308
-5364.480000;360.872671
-5394.960000;359.801382
-5425.440000;358.655819
-5455.920000;357.466990
-5486.400000;356.246419
-5516.880000;354.994116
-5547.360000;353.745711
-5577.840000;352.859580
-5608.320000;351.941748
-5638.800000;350.667794
-5669.280000;349.256986
-5699.760000;347.983071
-5730.240000;346.891961
-5760.720000;345.758464
-5791.200000;344.632215
-5821.680000;343.474341
-5852.160000;342.342639
-5882.640000;341.210413
-5913.120000;340.172721
-5943.600000;339.234367
-5974.080000;338.261043
-6004.560000;337.343236
-6035.040000;336.393875
-6065.520000;334.498864
-6096.000000;332.341914
-6126.480000;326.669630
-6156.960000;316.905726
-6187.440000;306.008279
-6217.920000;287.740388
-6248.400000;269.440982
-6278.880000;258.034660
-6309.360000;248.264549
-6339.840000;236.600840
-6370.320000;222.897392
-6400.800000;208.967267
-6431.280000;193.749049
-6461.760000;178.515141
-6492.240000;162.912006
-6522.720000;147.217114
-6553.200000;131.506547
-6583.680000;115.780310
-6614.160000;100.012006
-6644.640000;84.106130
-6675.120000;68.200333
-6705.600000;52.294614
-6736.080000;36.388972
-6766.560000;20.323838
-6797.040000;4.095018
-6827.520000;-12.308167
-6858.000000;-29.427505
-6888.480000;-46.562472
-6918.960000;-63.344829
-6949.440000;-80.081414
-6979.920000;-96.766696
-7010.400000;-113.432133
-7040.880000;-129.055373
-7071.360000;-140.381892
-7101.840000;-151.692619
-7132.320000;-164.469060
-7162.800000;-177.457455
-7193.280000;-190.436689
-7223.760000;-203.432549
-7254.240000;-215.854742
-7284.720000;-226.652927
-7315.200000;-237.513683
-7345.680000;-249.558509
-7376.160000;-261.787552
-7406.640000;-274.469287
-7437.120000;-287.474985
-7467.600000;-300.509970
-7498.080000;-313.659160
-7528.560000;-326.839523
-7559.040000;-339.973220
-7589.520000;-353.115338
-7620.000000;-366.331831
-7650.480000;-379.618599
-7680.960000;-392.906841
-7711.440000;-406.129164
-7741.920000;-419.366978
-7772.400000;-432.620277
-7802.880000;-445.889056
-7833.360000;-459.243811
-7863.840000;-472.636379
-7894.320000;-486.013216
-7924.800000;-499.374328
-7955.280000;-512.719720
-7985.760000;-526.233298
-8016.240000;-539.757326
-8046.720000;-553.281230
-8077.200000;-566.805010
-8107.680000;-580.328665
-8138.160000;-593.852196
-8168.640000;-607.375602
-8199.120000;-620.898884
-8229.600000;-634.422041
-8260.080000;-648.217215
-8290.560000;-662.169768
-8321.040000;-675.990766
-8351.520000;-689.513425
-8382.000000;-703.035960
-8412.480000;-716.138001
-8442.960000;-729.230640
-8473.440000;-741.348023
-8503.920000;-752.916675
-8534.400000;-764.053691
-8564.880000;-774.362914
-8595.360000;-784.703058
-8625.840000;-796.001074
-8656.320000;-807.318284
-8686.800000;-818.938084
-8717.280000;-830.715705
-8747.760000;-842.362187
-8778.240000;-853.740896
-8808.720000;-865.129827
-8839.200000;-876.143737
-8869.680000;-887.142018
-8900.160000;-897.239194
-8930.640000;-906.936409
-8961.120000;-916.155693
-8991.600000;-924.555898
-9022.080000;-932.943483
-9052.560000;-940.951006
-9083.040000;-948.973858
-9113.520000;-956.709670
-9144.000000;-964.333507
-9174.480000;-971.674861
-9204.960000;-978.548570
-9235.440000;-985.415112
-9265.920000;-991.582481
-9296.400000;-997.796025
-9326.880000;-1003.899492
-9357.360000;-1010.015352
-9387.840000;-1017.127857
-9418.320000;-1025.710163
-9448.800000;-1034.466839
-9479.280000;-1044.976574
-9509.760000;-1055.362756
-9540.240000;-1062.407487
-9570.720000;-1068.260461
-9601.200000;-1073.753606
-9631.680000;-1078.785309
-9662.160000;-1083.865313
-9692.640000;-1089.495834
-9723.120000;-1095.172386
-9753.600000;-1101.056730
-9784.080000;-1107.079559
-9814.560000;-1111.666132
-9845.040000;-1114.227818
-9875.520000;-1116.702184
-9906.000000;-1118.616845
-9936.480000;-1120.439085
-9966.960000;-1124.540160
-9997.440000;-1129.305933
-10027.920000;-1134.310060
-10058.400000;-1139.634325
-10088.880000;-1144.937860
-10119.360000;-1149.984909
-10149.840000;-1155.031797
-10180.320000;-1159.311894
-10210.800000;-1163.405223
-10241.280000;-1165.885643
-10271.760000;-1166.466509
-10302.240000;-1166.840009
-10332.720000;-1166.196231
-10363.200000;-1165.567619
-10393.680000;-1159.728645
-10424.160000;-1152.685201
-10454.640000;-1144.447954
-10485.120000;-1134.911341
-10515.600000;-1125.295814
-10546.080000;-1115.313067
-10576.560000;-1105.299544
-10607.040000;-1095.611036
-10637.520000;-1085.962393
-10668.000000;-1076.289896
-10698.480000;-1066.583053
-10728.960000;-1056.925576
-10759.440000;-1047.626124
-10789.920000;-1038.311246
-10820.400000;-1028.980946
-10850.880000;-1019.635231
-10881.360000;-1010.497351
-10911.840000;-1001.550503
-10942.320000;-992.604332
-10972.800000;-983.719410
-11003.280000;-974.834352
-11033.760000;-966.228699
-11064.240000;-957.652328
-11094.720000;-949.291620
-11125.200000;-941.114184
-11155.680000;-932.921379
-11186.160000;-924.713212
-11216.640000;-916.489687
-11247.120000;-908.391972
-11277.600000;-900.311920
-11308.080000;-892.470605
-11338.560000;-884.819996
-11369.040000;-877.224001
-11399.520000;-869.803216
-11430.000000;-862.367101
-11460.480000;-855.107734
-11490.960000;-847.868515
-11521.440000;-840.629178
-11551.920000;-833.389721
-11582.400000;-826.256232
-11612.880000;-819.446232
-11643.360000;-812.636114
-11673.840000;-805.976185
-11704.320000;-799.314704
-11734.800000;-792.550098
-11765.280000;-785.721855
-11795.760000;-779.042749
-11826.240000;-772.767480
-11856.720000;-766.476939
-11887.200000;-760.367150
-11917.680000;-754.284425
-11948.160000;-748.070593
-11978.640000;-741.754259
-12009.120000;-735.620952
-12039.600000;-729.992819
-12070.080000;-724.379711
-12100.560000;-718.425536
-12131.040000;-712.455325
-12161.520000;-706.755350
-12192.000000;-701.214616
-12222.480000;-695.673768
-12252.960000;-690.132807
-12283.440000;-684.591734
-12313.920000;-679.050547
-12344.400000;-673.502012
-12374.880000;-667.943027
-12405.360000;-662.383933
-12435.840000;-656.962419
-12466.320000;-651.832814
-12496.800000;-646.703100
-12527.280000;-641.621341
-12557.760000;-636.554832
-12588.240000;-631.704962
-12618.720000;-626.946035
-12649.200000;-622.198547
-12679.680000;-617.497891
-12710.160000;-612.798231
-12740.640000;-608.198590
-12771.120000;-603.613899
-12801.600000;-598.964599
-12832.080000;-594.280917
-12862.560000;-589.750744
-12893.040000;-585.496550
-12923.520000;-581.246687
-12954.000000;-577.146309
-12984.480000;-573.060854
-13014.960000;-568.871581
-13045.440000;-564.634315
-13075.920000;-560.235314
-13106.400000;-555.568102
-13136.880000;-550.869978
-13167.360000;-545.566052
-13197.840000;-540.246998
-13228.320000;-533.061054
-13258.800000;-525.172383
-13289.280000;-516.357067
-13319.760000;-506.102696
-13350.240000;-495.441101
-13380.720000;-479.170408
-13411.200000;-462.899587
-13441.680000;-445.992159
-13472.160000;-428.861640
-13502.640000;-412.735888
-13533.120000;-398.014268
-13563.600000;-384.042253
-13594.080000;-378.284694
-13624.560000;-372.497100
-13655.040000;-357.621696
-13685.520000;-339.832063
-13716.000000;-327.608100
-13746.480000;-322.698076
-13776.960000;-316.347851
-13807.440000;-298.268541
-13837.920000;-280.263844
-13868.400000;-264.833499
-13898.880000;-250.137441
-13929.360000;-236.054032
-13959.840000;-222.702172
-13990.320000;-209.350206
-14020.800000;-195.998136
-14051.280000;-182.645961
-14081.760000;-168.951203
-14112.240000;-155.169088
-14142.720000;-141.379343
-14173.200000;-127.570052
-14203.680000;-113.627370
-14234.160000;-98.968037
-14264.640000;-84.308601
-14295.120000;-69.605618
-14325.600000;-54.879211
-14356.080000;-39.750993
-14386.560000;-24.214367
-14417.040000;-8.621538
-14447.520000;7.253369
-14478.000000;23.113507
-14508.480000;39.317625
-14538.960000;55.577977
-14569.440000;71.605358
-14599.920000;87.406470
-14630.400000;103.037453
-14660.880000;117.949607
-14691.360000;132.847026
-14721.840000;143.926318
-14752.320000;154.325834
-14782.800000;168.590705
-14813.280000;186.415154
-14843.760000;204.145799
-14874.240000;221.250892
-14904.720000;238.474655
-14935.200000;246.661833
-14965.680000;253.536712
-14996.160000;260.538760
-15026.640000;267.637656
-15057.120000;274.882954
-15087.600000;282.659544
-15118.080000;290.450987
-15148.560000;298.407773
-15179.040000;306.383644
-15209.520000;314.428418
-15240.000000;322.549397
-15270.480000;330.699987
-15300.960000;338.880178
-15331.440000;347.089962
-15361.920000;355.435919
-15392.400000;363.807741
-15422.880000;372.134644
-15453.360000;380.445518
-15483.840000;388.697902
-15514.320000;396.716303
-15544.800000;404.749478
-15575.280000;413.075627
-15605.760000;421.465852
-15636.240000;429.930846
-15666.720000;438.448320
-15697.200000;446.876471
-15727.680000;455.023128
-15758.160000;463.199238
-15788.640000;471.404791
-15819.120000;479.639777
-15849.600000;487.099294
-15880.080000;494.086729
-15910.560000;499.446888
-15941.040000;500.881108
-15971.520000;502.330003
-16002.000000;497.928109
-16032.480000;493.337558
-16062.960000;487.367627
-16093.440000;480.628209
-16123.920000;474.024140
-16154.400000;467.714405
-16184.880000;461.404631
-16215.360000;455.856104
-16245.840000;450.302084
-16276.320000;445.086174
-16306.800000;440.048471
-16337.280000;435.114842
-16367.760000;430.378613
-16398.240000;425.631939
-16428.720000;421.436585
-16459.200000;417.241203
-16489.680000;412.753261
-16520.160000;408.128057
-16550.640000;403.654888
-16581.120000;399.459394
-16611.600000;395.263871
-16642.080000;391.068321
-16672.560000;386.872743
-16703.040000;382.532707
-16733.520000;378.118358
-16764.000000;373.849799
-16794.480000;369.835939
-16824.960000;365.809365
-16855.440000;361.822793
-16885.920000;357.850802
-16916.400000;353.832170
-16946.880000;349.779163
-16977.360000;346.049186
-17007.840000;342.826500
-17038.320000;339.636493
-17068.800000;337.108749
-17099.280000;334.580990
-17129.760000;332.281234
-17160.240000;330.074585
-17190.720000;327.926506
-17221.200000;325.845409
-17251.680000;323.772183
-17282.160000;321.775323
-17312.640000;319.763891
-17343.120000;317.684515
-17373.600000;315.586404
-17404.080000;313.673945
-17434.560000;312.005584
-17465.040000;310.251103
-17495.520000;307.756385
-17526.000000;305.247121
-17556.480000;302.358455
-17586.960000;299.377240
-17617.440000;296.220876
-17647.920000;292.823645
-17678.400000;289.474876
-17708.880000;286.500166
-17739.360000;283.525445
-17769.840000;279.864654
-17800.320000;276.030346
-17830.800000;272.398621
-17861.280000;268.994073
-17891.760000;265.651677
-17922.240000;262.676891
-17952.720000;259.702094
-17983.200000;257.363217
-18013.680000;255.152761
-18044.160000;252.764141
-18074.640000;250.202254
-18105.120000;247.711026
-18135.600000;245.578913
-18166.080000;243.446794
-18196.560000;241.563552
-18227.040000;239.715248
-18257.520000;237.783242
-18288.000000;235.792341
-18318.480000;233.835526
-18348.960000;231.963033
-18379.440000;230.076099
-18409.920000;228.331857
-18440.400000;226.612689
-18470.880000;224.893519
-18501.360000;223.174348
-18531.840000;221.367443
-18562.320000;219.218475
-18592.800000;217.069505
-18623.280000;215.297647
-18653.760000;213.578467
-18684.240000;211.859285
-18714.720000;210.140102
-18745.200000;208.362104
-18775.680000;206.371607
-18806.160000;204.366720
-18836.640000;202.602378
-18867.120000;200.866456
-18897.600000;198.960202
-18928.080000;196.914529
-18958.560000;195.007169
-18989.040000;193.576318
-19019.520000;192.159837
-19050.000000;190.845251
-19080.480000;189.539145
-19110.960000;187.979158
-19141.440000;186.243256
-19171.920000;184.560198
-19202.400000;182.997223
-19232.880000;181.391230
-19263.360000;179.975664
-19293.840000;178.588241
-19324.320000;177.252861
-19354.800000;175.932768
-19385.280000;174.593665
-19415.760000;173.237610
-19446.240000;171.881570
-19476.720000;170.504596
-19507.200000;169.094047
-19537.680000;167.408043
-19568.160000;165.572334
-19598.640000;163.485333
-19629.120000;160.832932
-19659.600000;158.194849
-19690.080000;155.571080
-19720.560000;152.961619
-19751.040000;150.646270
-19781.520000;148.495220
-19812.000000;146.219034
-19842.480000;143.666754
-19872.960000;141.128758
-19903.440000;138.929177
-19933.920000;136.730336
-19964.400000;134.611527
-19994.880000;132.543840
-20025.360000;130.490415
-20055.840000;128.451247
-20086.320000;126.431416
-20116.800000;124.695586
-20147.280000;122.959759
-20177.760000;121.043652
-20208.240000;119.059134
-20238.720000;117.178789
-20269.200000;115.459519
-20299.680000;113.723785
-20330.160000;111.574694
-20360.640000;109.425601
-20391.120000;107.582425
-20421.600000;105.863148
-20452.080000;104.068085
-20482.560000;102.161893
-20513.040000;100.295097
-20543.520000;98.847114
-20574.000000;97.413317
-20604.480000;95.600483
-20634.960000;93.633349
-20665.440000;91.707043
-20695.920000;89.867132
-20726.400000;88.051889
-20756.880000;86.365564
-20787.360000;84.679230
-20817.840000;82.992885
-20848.320000;81.306532
-20878.800000;79.761725
-20909.280000;78.417783
-20939.760000;77.309934
-20970.240000;78.218962
-21000.720000;79.127978
-21031.200000;81.650050
-21061.680000;84.658601
-21092.160000;87.489404
-21122.640000;90.096369
-21153.120000;92.816451
-21183.600000;96.285355
-21214.080000;99.782485
-21244.560000;102.635839
-21275.040000;105.329740
-21305.520000;108.645816
-21336.000000;112.678408
-21366.480000;117.073056
-21396.960000;123.684573
-21427.440000;130.296057
-21457.920000;137.547473
-21488.400000;144.919611
-21518.880000;149.614089
-21549.360000;151.525748
-21579.840000;153.223015
-21610.320000;153.727188
-21640.800000;154.217253
-21671.280000;154.693213
-21701.760000;155.155076
-21732.240000;155.435299
-21762.720000;155.549785
-21793.200000;155.721571
-21823.680000;156.143438
-21854.160000;156.551227
-21884.640000;157.312507
-21915.120000;158.121998
-21945.600000;158.769071
-21976.080000;159.280549
-22006.560000;159.792007
-22037.040000;160.303446
-22067.520000;160.814866
-22098.000000;161.541316
-22128.480000;162.285100
-22158.960000;162.887655
-22189.440000;163.382698
-22219.920000;163.926217
-22250.400000;164.630187
-22280.880000;165.320141
-22311.360000;165.996082
-22341.840000;166.658016
-22372.320000;167.342886
-22402.800000;168.063579
-22433.280000;168.775643
-22463.760000;169.414128
-22494.240000;170.038622
-22524.720000;170.908056
-22555.200000;171.800258
-22585.680000;172.692452
-22616.160000;173.584640
-22646.640000;174.394778
-22677.120000;174.967914
-22707.600000;175.527088
-22738.080000;176.382946
-22768.560000;177.258873
-22799.040000;178.134798
-22829.520000;179.010719
-22860.000000;179.886637
-22890.480000;180.762552
-22920.960000;181.638464
-22951.440000;182.514372
-22981.920000;183.390278
-23012.400000;184.266180
-23042.880000;185.142080
-23073.360000;186.017976
-23103.840000;186.893869
-23134.320000;187.769759
-23164.800000;188.646843
-23195.280000;189.508202
-23225.760000;190.376202
-23256.240000;191.260082
-23286.720000;192.140469
-23317.200000;192.980555
-23347.680000;193.806754
-23378.160000;194.619072
-23408.640000;195.417514
-23439.120000;195.912163
-23469.600000;196.253006
-23500.080000;196.359174
-23530.560000;196.066031
-23561.040000;195.796736
-23591.520000;195.366874
-23622.000000;194.937011
-23652.480000;194.507148
-23682.960000;194.077284
-23713.440000;193.693057
-23743.920000;193.396295
-23774.400000;193.138419
-23804.880000;193.439695
-23835.360000;193.727138
-23865.840000;194.422126
-23896.320000;195.281859
-23926.800000;196.175074
-23957.280000;197.101402
-23987.760000;198.000106
-24018.240000;198.871197
-24048.720000;199.714684
-24079.200000;200.353500
-24109.680000;200.937714
-24140.160000;201.445097
-24170.640000;201.826839
-24201.120000;202.245160
-24231.600000;203.056797
-24262.080000;203.868448
-24292.560000;204.873466
-24323.040000;205.952078
-24353.520000;206.928302
-24384.000000;207.756018
-24414.480000;208.599416
-24444.960000;209.567047
-24475.440000;210.520930
-24505.920000;211.598446
-24536.400000;212.725452
-24566.880000;213.773826
-24597.360000;214.704735
-24627.840000;215.664042
-24658.320000;216.905734
-24688.800000;218.147439
-24719.280000;219.389158
-24749.760000;220.630889
-24780.240000;221.699346
-24810.720000;222.566157
-24841.200000;223.475571
-24871.680000;224.701403
-24902.160000;225.927252
-24932.640000;226.824839
-24963.120000;227.639118
-24993.600000;228.439714
-25024.080000;229.226632
-25054.560000;230.072414
-25085.040000;231.278634
-25115.520000;232.486272
-25146.000000;233.680244
-25176.480000;234.860557
-25206.960000;235.820655
-25237.440000;236.584999
-25267.920000;237.340845
-25298.400000;238.052579
-25328.880000;238.750675
-25359.360000;239.491387
-25389.840000;240.239969
-25420.320000;240.946175
-25450.800000;241.605642
-25481.280000;242.251491
-25511.760000;242.883728
-25542.240000;243.502358
-25572.720000;244.007391
-25603.200000;244.473183
-25633.680000;244.741660
-25664.160000;244.860173
-25694.640000;244.899486
-25725.120000;244.693968
-25755.600000;244.447650
-25786.080000;244.259510
-25816.560000;244.014643
-25847.040000;244.553664
-25877.520000;245.647400
-25908.000000;247.414745
-25938.480000;251.296682
-25968.960000;255.205902
-25999.440000;259.554857
-26029.920000;263.936072
-26060.400000;268.710582
-26090.880000;273.754404
-26121.360000;278.681414
-26151.840000;283.264787
-26182.320000;287.834680
-26212.800000;292.468384
-26243.280000;297.119044
-26273.760000;300.909449
-26304.240000;304.167305
-26334.720000;307.198669
-26365.200000;309.708214
-26395.680000;312.190759
-26426.160000;314.646314
-26456.640000;317.074890
-26487.120000;319.681209
-26517.600000;322.383544
-26548.080000;324.934635
-26578.560000;327.180230
-26609.040000;329.412413
-26639.520000;331.045450
-26670.000000;332.688788
-26700.480000;334.102545
-26730.960000;335.397982
-26761.440000;336.822694
-26791.920000;338.504788
-26822.400000;340.194164
-26852.880000;341.505729
-26883.360000;342.817399
-26913.840000;343.845465
-26944.320000;344.734832
-26974.800000;345.608891
-27005.280000;346.478725
-27035.760000;347.360699
-27066.240000;348.227928
-27096.720000;349.081793
-27127.200000;349.596075
-27157.680000;349.953430
-27188.160000;350.283980
-27218.640000;350.587737
-27249.120000;350.842338
-27279.600000;350.725031
-27310.080000;350.594404
-27340.560000;350.710517
-27371.040000;350.896083
-27401.520000;351.477833
-27432.000000;352.666428
-27462.480000;353.890218
-27492.960000;355.508999
-27523.440000;357.127917
-27553.920000;357.865066
-27584.400000;358.328724
-27614.880000;357.649385
-27645.360000;355.408815
-27675.840000;353.278848
-27706.320000;352.444565
-27736.800000;351.623819
-27767.280000;351.485042
-27797.760000;351.551193
-27828.240000;351.907405
-27858.720000;352.622967
-27889.200000;353.340837
-27919.680000;353.906527
-27950.160000;354.485718
-27980.640000;354.734751
-28011.120000;354.911005
-28041.600000;354.992094
-28072.080000;354.955927
-28102.560000;354.828990
-28133.040000;354.183776
-28163.520000;353.552029
-28194.000000;352.717799
-28224.480000;351.837898
-28254.960000;350.684428
-28285.440000;349.232287
-28315.920000;347.802638
-28346.400000;346.594802
-28376.880000;345.373764
-28407.360000;345.386865
-28437.840000;345.643011
-28468.320000;346.857697
-28498.800000;348.957353
-28529.280000;350.398841
-28559.760000;349.059324
-28590.240000;347.719928
-28620.720000;345.200604
-28651.200000;342.510301
-28681.680000;338.739003
-28712.160000;334.026352
-28742.640000;328.627782
-28773.120000;320.761904
-28803.600000;312.922697
-28834.080000;308.950182
-28864.560000;305.478347
-28895.040000;304.683668
-28925.520000;305.971485
-28956.000000;306.448393
-28986.480000;304.332170
-29016.960000;302.232387
-29047.440000;298.990027
-29077.920000;295.658926
-29108.400000;292.122328
-29138.880000;288.457314
-29169.360000;284.709477
-29199.840000;280.640152
-29230.320000;276.597363
-29260.800000;272.241448
-29291.280000;267.900004
-29321.760000;263.502908
-29352.240000;259.062282
-29382.720000;254.514508
-29413.200000;249.670473
-29443.680000;244.839695
-29474.160000;239.718532
-29504.640000;234.608926
-29535.120000;229.177164
-29565.600000;223.554824
-29596.080000;218.335696
-29626.560000;214.029628
-29657.040000;209.736778
-29687.520000;210.872147
-29718.000000;212.112212
-29748.480000;213.380114
-29778.960000;214.683406
-29809.440000;215.720719
-29839.920000;216.190535
-29870.400000;216.673550
-29900.880000;216.966043
-29931.360000;217.258335
-29961.840000;217.407441
-29992.320000;217.497965
-30022.800000;217.441846
-30053.280000;217.080509
-30083.760000;216.716381
-30114.240000;216.829038
-30144.720000;216.954859
-30175.200000;217.325886
-30205.680000;217.789501
-30236.160000;218.818630
-30266.640000;220.831116
-30297.120000;222.881139
-30327.600000;225.753602
-30358.080000;228.626103
-30388.560000;231.190040
-30419.040000;233.632666
-30449.520000;236.075330
-30480.000000;238.518031
-30510.480000;240.989182
-30540.960000;243.861913
-30571.440000;246.734682
-30601.920000;249.607490
-30632.400000;252.480336
-30662.880000;254.996858
-30693.360000;257.009870
-30723.840000;258.980484
-30754.320000;260.521692
-30784.800000;262.075994
-30815.280000;263.971346
-30845.760000;265.981777
-30876.240000;267.629538
-30906.720000;268.806207
-30937.200000;269.901108
-30967.680000;270.213829
-30998.160000;270.509144
-31028.640000;270.817527
-31059.120000;271.138972
-31089.600000;271.841797
-31120.080000;272.971835
-31150.560000;274.105838
-31181.040000;275.358754
-31211.520000;276.637726
-31242.000000;276.105985
-31272.480000;275.140215
-31302.960000;273.759831
-31333.440000;271.934189
-31363.920000;270.068773
-31394.400000;268.003731
-31424.880000;265.964687
-31455.360000;264.219705
-31485.840000;262.543484
-31516.320000;261.036641
-31546.800000;259.686403
-31577.280000;258.360029
-31607.760000;257.150637
-31638.240000;255.954222
-31668.720000;254.640546
-31699.200000;253.305446
-31729.680000;252.057708
-31760.160000;250.898090
-31790.640000;249.751428
-31821.120000;248.617715
-31851.600000;247.496947
-31882.080000;246.215721
-31912.560000;244.910772
-31943.040000;243.132569
-31973.520000;240.967683
-32004.000000;238.995941
-32034.480000;237.691003
-32064.960000;236.386068
-32095.440000;234.862576
-32125.920000;233.302240
-32156.400000;231.529648
-32186.880000;229.615980
-32217.360000;227.648669
-32247.840000;225.483802
-32278.320000;223.318936
-32308.800000;221.816102
-32339.280000;220.381890
-32369.760000;219.549844
-32400.240000;219.119867
-32430.720000;218.890986
-32461.200000;219.213214
-32491.680000;219.548308
-32522.160000;221.297243
-32552.640000;223.116232
-32583.120000;224.922363
-32613.600000;226.715641
-32644.080000;228.475281
-32674.560000;230.180263
-32705.040000;231.885250
-32735.520000;233.224208
-32766.000000;234.538246
-32796.480000;235.814546
-32826.960000;237.074654
-32857.440000;238.326556
-32887.920000;239.569134
-32918.400000;240.824539
-32948.880000;241.680273
-32979.360000;242.519347
-33009.840000;243.071844
-33040.320000;243.505472
-33070.800000;244.097740
-33101.280000;244.957711
-33131.760000;245.806530
-33162.240000;245.844668
-33192.720000;245.895595
-33223.200000;245.402776
-33253.680000;244.680917
-33284.160000;242.917586
-33314.640000;239.309224
-33345.120000;235.689272
-33375.600000;230.784515
-33406.080000;225.905260
-33436.560000;223.666664
-33467.040000;222.495380
-33497.520000;222.565799
-33528.000000;224.600113
-33558.480000;226.608903
-33588.960000;228.592177
-33619.440000;230.549946
-33649.920000;232.482221
-33680.400000;234.389012
-33710.880000;236.044020
-33741.360000;237.363599
-33771.840000;238.683173
-33802.320000;240.002739
-33832.800000;241.322299
-33863.280000;242.641851
-33893.760000;243.961397
-33924.240000;245.010203
-33954.720000;245.693238
-33985.200000;246.362532
-34015.680000;247.024424
-34046.160000;247.699007
-34076.640000;248.207465
-34107.120000;248.666968
-34137.600000;249.126464
-34168.080000;249.585952
-34198.560000;250.012566
-34229.040000;250.210367
-34259.520000;250.395490
-34290.000000;250.316467
-34320.480000;250.186134
-34350.960000;249.931669
-34381.440000;249.531102
-34411.920000;249.084986
-34442.400000;248.378273
-34472.880000;247.658905
-34503.360000;246.664114
-34533.840000;245.590096
-34564.320000;245.634345
-34594.800000;246.819596
-34625.280000;248.395226
-34655.760000;251.755761
-34686.240000;255.128921
-34716.720000;258.822466
-34747.200000;262.594549
-34777.680000;266.195326
-34808.160000;269.633599
-34838.640000;272.998879
-34869.120000;276.032330
-34899.600000;279.078368
-34930.080000;282.136985
-34960.560000;285.208178
-34991.040000;288.062493
-35021.520000;290.730350
-35052.000000;293.401220
-35082.480000;296.083660
-35112.960000;298.766074
-35143.440000;301.080875
-35173.920000;303.365315
-35204.400000;305.870584
-35234.880000;308.524898
-35265.360000;311.083177
-35295.840000;313.388541
-35326.320000;315.706430
-35356.800000;317.977825
-35387.280000;320.244583
-35417.760000;322.301127
-35448.240000;324.224474
-35478.720000;326.136299
-35509.200000;327.987493
-35539.680000;329.838653
-35570.160000;331.689779
-35600.640000;333.540870
-35631.120000;335.657821
-35661.600000;337.938861
-35692.080000;340.345794
-35722.560000;343.056784
-35753.040000;345.767740
-35783.520000;347.353050
-35814.000000;348.875754
-35844.480000;350.267995
-35874.960000;351.566141
-35905.440000;352.746674
-35935.920000;353.724830
-35966.400000;354.678011
-35996.880000;353.669350
-36027.360000;352.630411
-36057.840000;349.003546
-36088.320000;344.069461
-36118.800000;339.561521
-36149.280000;335.892568
-36179.760000;332.233293
-36210.240000;330.068697
-36240.720000;327.904103
-36271.200000;325.023889
-36301.680000;321.831291
-36332.160000;318.555134
-36362.640000;315.114933
-36393.120000;311.707572
-36423.600000;309.127416
-36454.080000;306.547259
-36484.560000;304.159475
-36515.040000;301.827950
-36545.520000;299.495769
-36576.000000;297.202839
-36606.480000;294.909342
-36636.960000;292.418287
-36667.440000;289.914832
-36697.920000;286.947478
-36728.400000;283.827685
-36758.880000;280.687762
-36789.360000;277.522366
-36819.840000;274.472520
-36850.320000;272.396783
-36880.800000;270.308663
-36911.280000;269.152278
-36941.760000;268.292214
-36972.240000;267.432149
-37002.720000;266.572083
-37033.200000;265.712017
-37063.680000;264.851949
-37094.160000;263.991881
-37124.640000;263.131813
-37155.120000;262.271743
-37185.600000;261.411673
-37216.080000;260.551602
-37246.560000;259.691530
-37277.040000;258.831458
-37307.520000;257.971385
-37338.000000;256.794830
-37368.480000;255.554128
-37398.960000;254.508807
-37429.440000;253.663052
-37459.920000;252.749745
-37490.400000;251.473942
-37520.880000;250.198134
-37551.360000;249.569976
-37581.840000;249.061604
-37612.320000;248.806104
-37642.800000;248.806104
-37673.280000;248.728277
-37703.760000;248.298236
-37734.240000;247.868195
-37764.720000;247.544578
-37795.200000;247.250310
-37825.680000;246.823382
-37856.160000;246.261558
-37886.640000;245.748499
-37917.120000;245.474770
-37947.600000;245.213300
-37978.080000;244.816917
-38008.560000;244.401118
-38039.040000;243.885792
-38069.520000;243.280899
-38100.000000;242.806104
-38130.480000;242.806104
-38160.960000;242.806104
-38191.440000;242.426304
-38221.920000;241.982691
-38252.400000;241.274482
-38282.880000;240.385965
-38313.360000;239.497456
-38343.840000;238.608954
-38374.320000;237.720459
-38404.800000;237.066594
-38435.280000;236.442810
-38465.760000;236.090251
-38496.240000;235.920928
-38526.720000;235.686985
-38557.200000;235.256934
-38587.680000;234.826882
-38618.160000;234.396830
-38648.640000;233.966777
-38679.120000;233.536724
-38709.600000;233.106671
-38740.080000;232.676618
-38770.560000;232.246564
-38801.040000;231.816509
-38831.520000;231.386455
-38862.000000;230.956400
-38892.480000;230.526344
-38922.960000;230.096289
-38953.440000;229.666233
-38983.920000;229.236176
-39014.400000;228.806119
-39044.880000;228.376062
-39075.360000;227.946005
-39105.840000;227.515947
-39136.320000;227.085889
-39166.800000;226.655830
-39197.280000;226.225771
-39227.760000;225.795712
-39258.240000;225.365652
-39288.720000;224.935592
-39319.200000;224.517670
-39349.680000;224.101680
-39380.160000;223.679215
-39410.640000;223.237587
-39441.120000;222.765893
-39471.600000;221.941523
-39502.080000;221.129238
-39532.560000;220.052412
-39563.040000;218.892173
-39593.520000;218.198296
-39624.000000;218.172342
-39654.480000;218.129096
-39684.960000;218.000819
-39715.440000;217.848410
-39745.920000;217.028968
-39776.400000;215.968192
-39806.880000;215.012316
-39837.360000;214.234578
-39867.840000;213.583004
-39898.320000;213.999071
-39928.800000;214.415142
-39959.280000;214.601132
-39989.760000;214.729751
-40020.240000;214.806104
-40050.720000;214.806104
-40081.200000;214.772840
-40111.680000;214.505512
-40142.160000;214.250198
-40172.640000;214.210748
-40203.120000;214.224709
-40233.600000;214.238666
-40264.080000;214.252618
-40294.560000;214.203875
-40325.040000;213.787747
-40355.520000;213.371616
-40386.000000;213.662913
-40416.480000;214.130704
-40446.960000;214.609604
-40477.440000;215.081453
-40507.920000;215.708191
-40538.400000;217.104058
-40568.880000;218.523848
-40599.360000;220.985349
-40629.840000;223.635329
-40660.320000;226.342322
-40690.800000;229.120139
-40721.280000;232.034432
-40751.760000;235.431176
-40782.240000;238.839839
-40812.720000;242.033781
-40843.200000;245.227942
-40873.680000;247.779157
-40904.160000;249.761210
-40934.640000;251.707025
-40965.120000;253.532632
-40995.600000;255.310523
-41026.080000;255.027470
-41056.560000;254.525899
-41087.040000;253.444921
-41117.520000;251.902656
-41148.000000;250.348456
-41178.480000;248.782327
-41208.960000;247.204273
-41239.440000;245.966291
-41269.920000;244.758974
-41300.400000;243.827682
-41330.880000;243.075962
-41361.360000;242.196912
-41391.840000;240.991307
-41422.320000;239.773810
-41452.800000;239.350750
-41483.280000;238.974692
-41513.760000;238.581719
-41544.240000;238.176874
-41574.720000;237.765549
-41605.200000;237.363019
-41635.680000;236.960481
-41666.160000;236.974222
-41696.640000;237.001755
-41727.120000;237.029280
-41757.600000;237.056797
-41788.080000;237.220949
-41818.560000;237.678539
-41849.040000;238.136123
-41879.520000;238.516709
-41910.000000;238.884939
-41940.480000;239.588104
-41970.960000;240.462017
-42001.440000;241.370577
-42031.920000;242.353596
-42062.400000;243.355870
-42092.880000;244.792571
-42123.360000;246.241059
-42153.840000;247.727665
-42184.320000;249.207835
-42214.800000;250.453205
-42245.280000;251.327088
-42275.760000;252.128514
-42306.240000;251.282012
-42336.720000;250.435505
-42367.200000;249.588993
-42397.680000;248.742476
-42428.160000;248.064547
-42458.640000;247.648118
-42489.120000;247.260470
-42519.600000;247.274130
-42550.080000;247.287785
-42580.560000;247.620516
-42611.040000;248.064262
-42641.520000;248.687281
-42672.000000;249.561119
-42702.480000;250.474428
-42732.960000;251.778359
-42763.440000;253.082288
-42793.920000;254.850938
-42824.400000;256.750616
-42854.880000;258.873400
-42885.360000;261.298159
-42915.840000;263.820411
-42946.320000;266.990780
-42976.800000;270.149448
-43007.280000;271.253492
-43037.760000;271.808156
-43068.240000;270.688015
-43098.720000;267.663703
-43129.200000;264.501774
-43159.680000;260.512261
-43190.160000;256.534423
-43220.640000;252.996355
-43251.120000;249.555509
-43281.600000;246.496976
-43312.080000;243.842552
-43342.560000;241.283225
-43373.040000;239.146238
-43403.520000;237.009246
-43434.000000;235.234213
-43464.480000;233.527318
-43494.960000;231.376052
-43525.440000;228.808928
-43555.920000;225.912198
-43586.400000;221.624624
-43616.880000;217.337042
-43647.360000;213.060395
-43677.840000;208.774578
-43708.320000;204.709544
-43738.800000;200.838543
-43769.280000;197.058416
-43799.760000;193.599854
-43830.240000;190.129685
-43860.720000;186.697870
-43891.200000;183.282466
-43921.680000;180.099947
-43952.160000;177.089152
-43982.640000;174.273908
-44013.120000;172.064949
-44043.600000;169.844409
-44074.080000;168.526624
-44104.560000;167.302482
-44135.040000;166.758679
-44165.520000;166.669336
-44196.000000;166.592900
-44226.480000;166.579462
-44256.960000;166.566028
-44287.440000;166.250177
-44317.920000;165.926884
-44348.400000;165.806104
-44378.880000;165.806104
-44409.360000;165.719090
-44439.840000;165.428549
-44470.320000;165.149540
-44500.800000;165.009004
-44531.280000;164.861641
-44561.760000;164.633260
-44592.240000;164.373547
-44622.720000;164.207076
-44653.200000;164.220459
-44683.680000;164.233837
-44714.160000;164.485747
-44744.640000;164.728053
-44775.120000;165.093151
-44805.600000;165.523274
-44836.080000;165.951796
-44866.560000;166.392667
-44897.040000;166.856186
-44927.520000;167.313004
-44958.000000;167.769814
-44988.480000;168.132444
-45018.960000;168.482399
-45049.440000;167.750058
-45079.920000;165.171214
-45110.400000;162.654291
-45140.880000;159.558266
-45171.360000;156.542367
-45201.840000;154.555396
-45232.320000;152.962274
-45262.800000;150.750828
-45293.280000;147.546462
-45323.760000;144.261250
-45354.240000;140.318792
-45384.720000;136.364829
-45415.200000;131.520939
-45445.680000;126.352187
-45476.160000;120.800596
-45506.640000;114.725774
-45537.120000;108.660273
-45567.600000;102.890334
-45598.080000;97.108932
-45628.560000;95.336285
-45659.040000;94.752091
-45689.520000;97.364778
-45720.000000;103.998198
-45750.480000;110.773663
-45780.960000;118.674644
-45811.440000;126.564213
-45841.920000;134.055166
-45872.400000;141.454712
-45902.880000;148.074588
-45933.360000;153.794312
-45963.840000;159.439674
-45994.320000;164.706973
-46024.800000;170.000127
-46055.280000;174.931249
-46085.760000;179.773357
-46116.240000;184.189584
-46146.720000;188.179520
-46177.200000;192.175152
-46207.680000;196.205385
-46238.160000;200.246920
-46268.640000;203.572795
-46299.120000;206.776641
-46329.600000;209.064454
-46360.080000;210.499640
-46390.560000;211.569951
-46421.040000;211.124201
-46451.520000;210.655784
-46482.000000;209.198627
-46512.480000;207.596324
-46542.960000;206.173257
-46573.440000;204.890640
-46603.920000;203.621647
-46634.400000;202.436215
-46664.880000;201.250751
-46695.360000;200.450718
-46725.840000;199.695332
-46756.320000;198.855456
-46786.800000;197.969892
-46817.280000;196.894747
-46847.760000;195.193896
-46878.240000;193.515530
-46908.720000;190.682782
-46939.200000;187.718492
-46969.680000;184.273464
-47000.160000;180.519832
-47030.640000;177.000305
-47061.120000;174.106892
-47091.600000;171.213441
-47122.080000;171.184659
-47152.560000;171.293065
-47183.040000;171.783720
-47213.520000;172.506333
-47244.000000;173.089583
-47274.480000;173.359553
-47304.960000;173.618283
-47335.440000;173.865780
-47365.920000;174.102047
-47396.400000;174.216249
-47426.880000;174.268336
-47457.360000;174.232926
-47487.840000;174.007188
-47518.320000;173.770243
-47548.800000;173.092462
-47579.280000;172.402962
-47609.760000;171.613433
-47640.240000;170.779113
-47670.720000;169.902652
-47701.200000;168.955231
-47731.680000;168.003224
-47762.160000;166.425266
-47792.640000;164.836133
-47823.120000;163.170953
-47853.600000;161.476259
-47884.080000;159.520052
-47914.560000;157.112803
-47945.040000;154.676168
-47975.520000;152.095220
-48006.000000;149.514270
-48036.480000;147.596547
-48066.960000;145.920008
-48097.440000;144.888004
-48127.920000;144.840294
-48158.400000;144.806104
-48188.880000;144.806104
-48219.360000;144.806104
-48249.840000;145.786960
-48280.320000;147.082494
-48310.800000;148.548932
-48341.280000;150.267098
-48371.760000;151.955061
-48402.240000;153.258444
-48432.720000;154.561824
-48463.200000;155.827790
-48493.680000;157.063339
-48524.160000;157.919116
-48554.640000;158.336406
-48585.120000;158.692743
-48615.600000;158.627413
-48646.080000;158.551020
-48676.560000;158.118032
-48707.040000;157.589364
-48737.520000;157.220161
-48768.000000;157.017520
-48798.480000;156.964411
-48828.960000;157.851851
-48859.440000;158.750354
-48889.920000;157.162978
-48920.400000;155.072415
-48950.880000;152.284996
-48981.360000;148.805187
-49011.840000;145.192854
-49042.320000;140.982783
-49072.800000;136.783740
-49103.280000;132.724002
-49133.760000;128.676569
-49164.240000;124.322004
-49194.720000;119.711264
-49225.200000;115.133354
-49255.680000;110.637338
-49286.160000;106.130332
-49316.640000;101.390637
-49347.120000;96.620421
-49377.600000;91.716300
-49408.080000;86.714054
-49438.560000;81.776054
-49469.040000;77.018628
-49499.520000;72.261206
-49530.000000;67.306886
-49560.480000;62.321999
-49590.960000;57.458996
-49621.440000;52.688856
-49651.920000;47.857067
-49682.400000;42.841117
-49712.880000;37.814229
-49743.360000;32.851585
-49773.840000;27.904527
-49804.320000;22.906066
-49834.800000;17.860890
-49865.280000;12.804793
-49895.760000;7.737780
-49926.240000;2.659855
-49956.720000;-1.603411
-49987.200000;-5.842783
-50017.680000;-9.000484
-50048.160000;-11.540921
-50078.640000;-11.929527
-50109.120000;-7.501440
-50139.600000;-3.051524
-50170.080000;3.964486
-50200.560000;11.039122
-50231.040000;18.477817
-50261.520000;26.104684
-50292.000000;33.861442
-50322.480000;41.870942
-50352.960000;49.902993
-50383.440000;58.016248
-50413.920000;66.140379
-50444.400000;73.388301
-50474.880000;80.243613
-50505.360000;86.825645
-50535.840000;92.904648
-50566.320000;99.053902
-50596.800000;107.240044
-50627.280000;115.426188
-50657.760000;124.832131
-50688.240000;134.736864
-50718.720000;144.820039
-50749.200000;155.142891
-50779.680000;165.527375
-50810.160000;176.712267
-50840.640000;187.897167
-50871.120000;199.738260
-50901.600000;211.819415
-50932.080000;224.268758
-50962.560000;237.231925
-50993.040000;250.240602
-51023.520000;263.601612
-51054.000000;276.962624
-51084.480000;289.005089
-51114.960000;300.645340
-51145.440000;308.650956
-51175.920000;312.101521
-51206.400000;316.029564
-51236.880000;323.154945
-51267.360000;330.247981
-51297.840000;338.412487
-51328.320000;346.843113
-51358.800000;355.559145
-51389.280000;364.618237
-51419.760000;373.800846
-51450.240000;383.720324
-51480.720000;393.639802
-51511.200000;404.501936
-51541.680000;415.562577
-51572.160000;427.112326
-51602.640000;439.170304
-51633.120000;451.374548
-51663.600000;464.292931
-51694.080000;477.211320
-51724.560000;489.188381
-51755.040000;501.003296
-51785.520000;509.691271
-51816.000000;515.504838
-51846.480000;520.574930
-51876.960000;522.558203
-51907.440000;524.530764
-51937.920000;527.617962
-51968.400000;530.859713
-51998.880000;534.685194
-52029.360000;538.999626
-52059.840000;543.731652
-52090.320000;549.899444
-52120.800000;556.035201
-52151.280000;563.525015
-52181.760000;571.149590
-52212.240000;579.150599
-52242.720000;587.433912
-52273.200000;594.798789
-52303.680000;599.448972
-52334.160000;604.131142
-52364.640000;603.534482
-52395.120000;602.518786
-52425.600000;600.973131
-52456.080000;599.052981
-52486.560000;597.401883
-52517.040000;596.504391
-52547.520000;595.606911
-52578.000000;595.937601
-52608.480000;596.330764
-52638.960000;597.475060
-52669.440000;599.074579
-52699.920000;601.000625
-52730.400000;603.685805
-52760.880000;606.413423
-52791.360000;607.985892
-52821.840000;609.563614
-52852.320000;608.860683
-52882.800000;606.912330
-52913.280000;605.014309
-52943.760000;603.279901
-52974.240000;601.562027
-53004.720000;601.080770
-53035.200000;600.631231
-53065.680000;600.798861
-53096.160000;601.273135
-53126.640000;602.229802
-53157.120000;604.054944
-53187.600000;605.945912
-53218.080000;608.295528
-53248.560000;610.697858
-53279.040000;614.279698
-53309.520000;618.317850
-53340.000000;622.653154
-53370.480000;627.473416
-53400.960000;632.291673
-53431.440000;637.568537
-53461.920000;642.834824
-53492.400000;648.090540
-53522.880000;653.335688
-53553.360000;657.567026
-53583.840000;660.355762
-53614.320000;663.178615
-53644.800000;666.254888
-53675.280000;669.320610
-53705.760000;678.126503
-53736.240000;688.712858
-53766.720000;700.018438
-53797.200000;712.262651
-53827.680000;724.427254
-53858.160000;736.178292
-53888.640000;747.897875
-53919.120000;757.315778
-53949.600000;766.098888
-53980.080000;773.993708
-54010.560000;780.877247
-54041.040000;787.721860
-54071.520000;794.330655
-54102.000000;800.949913
-54132.480000;807.795439
-54162.960000;814.691149
-54193.440000;821.797640
-54223.920000;829.123575
-54254.400000;836.409093
-54284.880000;843.496980
-54315.360000;850.595302
-54345.840000;858.065954
-54376.320000;865.615354
-54406.800000;872.952824
-54437.280000;880.092833
-54467.760000;887.243251
-54498.240000;894.404073
-54528.720000;901.575294
-54559.200000;907.843249
-54589.680000;913.992489
-54620.160000;919.460705
-54650.640000;924.360814
-54681.120000;928.771215
-54711.600000;931.360817
-54742.080000;933.929613
-54772.560000;943.163236
-54803.040000;953.150166
-54833.520000;965.558116
-54864.000000;979.803919
-54894.480000;993.486502
-54924.960000;1005.452697
-54955.440000;1017.429247
-54985.920000;1028.402663
-55016.400000;1039.320627
-55046.880000;1048.281040
-55077.360000;1055.892677
-55107.840000;1063.510570
-55138.320000;1071.172863
-55168.800000;1078.804124
-55199.280000;1087.550393
-55229.760000;1096.337252
-55260.240000;1105.595519
-55290.720000;1115.137104
-55321.200000;1124.668371
-55351.680000;1134.189326
-55382.160000;1143.699973
-55412.640000;1153.994324
-55443.120000;1164.308000
-55473.600000;1174.341261
-55504.080000;1184.224723
-55534.560000;1192.998310
-55565.040000;1199.479080
-55595.520000;1205.939329
-55626.000000;1212.389935
-55656.480000;1218.809705
-55686.960000;1224.029832
-55717.440000;1228.635442
-55747.920000;1233.239594
-55778.400000;1237.840931
-55808.880000;1242.454155
-55839.360000;1247.435571
-55869.840000;1252.396515
-55900.320000;1257.640757
-55930.800000;1262.991026
-55961.280000;1268.631976
-55991.760000;1274.749293
-56022.240000;1280.792901
-56052.720000;1286.110704
-56083.200000;1291.418347
-56113.680000;1295.980698
-56144.160000;1300.247657
-56174.640000;1304.231894
-56205.120000;1307.842721
-56235.600000;1311.336618
-56266.080000;1313.559824
-56296.560000;1315.772906
-56327.040000;1316.421336
-56357.520000;1316.578795
-56388.000000;1316.736345
-56418.480000;1316.893987
-56448.960000;1317.080194
-56479.440000;1317.503852
-56509.920000;1317.947978
-56540.400000;1320.333552
-56570.880000;1323.248432
-56601.360000;1325.105961
-56631.840000;1325.729965
-56662.320000;1326.294183
-56692.800000;1326.488098
-56723.280000;1326.682093
-56753.760000;1326.670720
-56784.240000;1326.621978
-56814.720000;1326.913296
-56845.200000;1327.549656
-56875.680000;1328.186091
-56906.160000;1328.822603
-56936.640000;1329.459190
-56967.120000;1330.460693
-56997.600000;1331.511960
-57028.080000;1332.658960
-57058.560000;1333.901344
-57089.040000;1335.088368
-57119.520000;1336.070727
-57150.000000;1337.032942
-57180.480000;1335.415224
-57210.960000;1333.412230
-57241.440000;1330.425596
-57271.920000;1326.642277
-57302.400000;1322.865392
-57332.880000;1319.022166
-57363.360000;1315.189113
-57393.840000;1311.111112
-57424.320000;1307.004385
-57454.800000;1302.988677
-57485.280000;1299.056749
-57515.760000;1294.993654
-57546.240000;1290.480389
-57576.720000;1285.967192
-57607.200000;1280.158799
-57637.680000;1274.254099
-57668.160000;1267.645204
-57698.640000;1260.562419
-57729.120000;1253.336017
-57759.600000;1245.739075
-57790.080000;1238.152240
-57820.560000;1229.828235
-57851.040000;1221.466651
-57881.520000;1213.064125
-57912.000000;1204.645491
-57942.480000;1195.992638
-57972.960000;1186.782414
-58003.440000;1177.572244
-58033.920000;1167.519480
-58064.400000;1157.448893
-58094.880000;1147.076693
-58125.360000;1136.553978
-58155.840000;1125.769975
-58186.320000;1114.434026
-58216.800000;1103.090954
-58247.280000;1092.160156
-58277.760000;1081.229411
-58308.240000;1071.509742
-58338.720000;1062.348103
-58369.200000;1054.260168
-58399.680000;1048.065926
-58430.160000;1041.854315
-58460.640000;1035.709827
-58491.120000;1029.575354
-58521.600000;1023.728278
-58552.080000;1017.995921
-58582.560000;1012.097531
-58613.040000;1005.934994
-58643.520000;999.795427
-58674.000000;993.998404
-58704.480000;988.191482
-58734.960000;982.112194
-58765.440000;975.938327
-58795.920000;969.621469
-58826.400000;963.108855
-58856.880000;956.627825
-58887.360000;950.365937
-58917.840000;944.094173
-58948.320000;937.650414
-58978.800000;931.164576
-59009.280000;924.446296
-59039.760000;917.423826
-59070.240000;910.401399
-59100.720000;903.379014
-59131.200000;896.356673
-59161.680000;888.879090
-59192.160000;881.273820
-59222.640000;873.658709
-59253.120000;866.033761
-59283.600000;858.384074
-59314.080000;850.647789
-59344.560000;842.921425
-59375.040000;835.204979
-59405.520000;827.498444
-59436.000000;819.588160
-59466.480000;811.471159
-59496.960000;803.295698
-59527.440000;794.790588
-59557.920000;786.275667
-59588.400000;777.566565
-59618.880000;768.823804
-59649.360000;759.972301
-59679.840000;751.029627
-59710.320000;742.050255
-59740.800000;732.888804
-59771.280000;723.727391
-59801.760000;714.566015
-59832.240000;705.404677
-59862.720000;696.147813
-59893.200000;686.821055
-59923.680000;677.541368
-59954.160000;668.391572
-59984.640000;659.241810
-60015.120000;649.703150
-60045.600000;640.123174
-60076.080000;630.792725
-60106.560000;621.643097
-60137.040000;612.460502
-60167.520000;603.188059
-60198.000000;593.925426
-60228.480000;584.484794
-60258.960000;575.021326
-60289.440000;565.548123
-60319.920000;556.065190
-60350.400000;546.450498
-60380.880000;536.517836
-60411.360000;526.575458
-60441.840000;517.036256
-60472.320000;507.504748
-60502.800000;498.739129
-60533.280000;490.416591
-60563.760000;483.951538
-60594.240000;481.598755
-60624.720000;479.255750
-60655.200000;477.301855
-60685.680000;475.372213
-60716.160000;473.200747
-60746.640000;470.908094
-60777.120000;468.488217
-60807.600000;465.804959
-60838.080000;463.115389
-60868.560000;460.013972
-60899.040000;456.902890
-60929.520000;454.076249
-60960.000000;451.390704
-60990.480000;448.706127
-61020.960000;446.023107
-61051.440000;443.339388
-61081.920000;440.634453
-61112.400000;437.919879
-61142.880000;435.505172
-61173.360000;433.201623
-61203.840000;430.888450
-61234.320000;428.565657
-61264.800000;426.290970
-61295.280000;424.753596
-61325.760000;423.196969
-61356.240000;421.991402
-61386.720000;420.900262
-61417.200000;420.678508
-61447.680000;421.637927
-61478.160000;422.782595
-61508.640000;425.784058
-61539.120000;428.804844
-61569.600000;432.151845
-61600.080000;435.641255
-61630.560000;436.854426
-61661.040000;435.231892
-61691.520000;433.480599
-61722.000000;430.959117
-61752.480000;428.418472
-61782.960000;426.523917
-61813.440000;424.799023
-61843.920000;423.290044
-61874.400000;422.014727
-61904.880000;420.882777
-61935.360000;420.487315
-61965.840000;420.101474
-61996.320000;419.725251
-62026.800000;419.358640
-62057.280000;419.219997
-62087.760000;419.302894
-62118.240000;419.440349
-62148.720000;419.781796
-62179.200000;420.123274
-62209.680000;420.438079
-62240.160000;420.766307
-62270.640000;421.232094
-62301.120000;421.812363
-62331.600000;422.400690
-62362.080000;422.981421
-62392.560000;423.552641
-62423.040000;424.352876
-62453.520000;425.200755
-62484.000000;426.036837
-62514.480000;426.853208
-62544.960000;427.566404
-62575.440000;427.952503
-62605.920000;428.338619
-62636.400000;429.118856
-62666.880000;429.935309
-62697.360000;430.751778
-62727.840000;431.568264
-62758.320000;432.345901
-62788.800000;433.023420
-62819.280000;433.710439
-62849.760000;434.530428
-62880.240000;435.358007
-62910.720000;435.918738
-62941.200000;436.316035
-62971.680000;436.746478
-63002.160000;437.249512
-63032.640000;437.743100
-63063.120000;438.132291
-63093.600000;438.518665
-63124.080000;438.905055
-63154.560000;439.291461
-63185.040000;439.563803
-63215.520000;439.592442
-63246.000000;439.611620
-63276.480000;439.556820
-63306.960000;439.502041
-63337.440000;439.230770
-63367.920000;438.840283
-63398.400000;438.566651
-63428.880000;438.529462
-63459.360000;438.507770
-63489.840000;439.312444
-63520.320000;440.107746
-63550.800000;443.001652
-63581.280000;446.776190
-63611.760000;450.873884
-63642.240000;455.502769
-63672.720000;460.116446
-63703.200000;464.329675
-63733.680000;468.534719
-63764.160000;470.515177
-63794.640000;471.670603
-63825.120000;473.176119
-63855.600000;475.207968
-63886.080000;477.384717
-63916.560000;481.103484
-63947.040000;484.812940
-63977.520000;488.152242
-64008.000000;491.361143
-64038.480000;493.724741
-64068.960000;495.042079
-64099.440000;496.394572
-64129.920000;497.835331
-64160.400000;499.313468
-64190.880000;503.368761
-64221.360000;508.110847
-64251.840000;513.504088
-64282.320000;519.648077
-64312.800000;525.919828
-64343.280000;532.861718
-64373.760000;539.812937
-64404.240000;546.421222
-64434.720000;552.960764
-64465.200000;559.296718
-64495.680000;565.424563
-64526.160000;571.613502
-64556.640000;578.057543
-64587.120000;584.501592
-64617.600000;590.700757
-64648.080000;596.864287
-64678.560000;602.958354
-64709.040000;608.982885
-64739.520000;615.007420
-64770.000000;621.031959
-64800.480000;627.056502
-64830.960000;632.856319
-64861.440000;638.632884
-64891.920000;644.454289
-64922.400000;650.299504
-64952.880000;656.124989
-64983.360000;661.917063
-65013.840000;667.718378
-65044.320000;673.342667
-65074.800000;678.947643
-65105.280000;684.427809
-65135.760000;689.824993
-65166.240000;695.284196
-65196.720000;700.899881
-65227.200000;706.515561
-65257.680000;711.952129
-65288.160000;717.384661
-65318.640000;722.564376
-65349.120000;727.584970
-65379.600000;732.737425
-65410.080000;738.206719
-65440.560000;743.685190
-65471.040000;748.759168
-65501.520000;753.825647
-65532.000000;758.901289
-65562.480000;763.986087
-65592.960000;768.989430
-65623.440000;773.797662
-65653.920000;778.605869
-65684.400000;783.460685
-65714.880000;788.343292
-65745.360000;792.185722
-65775.840000;795.512817
-65806.320000;798.491141
-65836.800000;800.770331
-65867.280000;803.126932
-65897.760000;809.565938
-65928.240000;815.977493
-65958.720000;823.198424
-65989.200000;830.767280
-66019.680000;838.448779
-66050.160000;846.340217
-66080.640000;854.246074
-66111.120000;862.613135
-66141.600000;870.961954
-66172.080000;879.524777
-66202.560000;888.173833
-66233.040000;896.822879
-66263.520000;905.471914
-66294.000000;914.123709
-66324.480000;922.804301
-66354.960000;931.475795
-66385.440000;940.461901
-66415.920000;949.545552
-66446.400000;958.792715
-66476.880000;968.273993
-66507.360000;977.764830
-66537.840000;987.263915
-66568.320000;996.752813
-66598.800000;1006.248318
-66629.280000;1015.753839
-66659.760000;1025.268411
-66690.240000;1034.792028
-66720.720000;1044.094893
-66751.200000;1051.915219
-66781.680000;1059.744573
-66812.160000;1070.272174
-66842.640000;1081.416058
-66873.120000;1094.005991
-66903.600000;1108.126146
-66934.080000;1122.367947
-66964.560000;1137.312704
-66995.040000;1152.239433
-67025.520000;1167.569536
-67056.000000;1182.971028
-67086.480000;1198.363528
-67116.960000;1213.747043
-67147.440000;1229.138812
-67177.920000;1244.599895
-67208.400000;1260.061000
-67238.880000;1275.895422
-67269.360000;1291.786917
-67299.840000;1307.617187
-67330.320000;1323.389153
-67360.800000;1339.178923
-67391.280000;1355.060080
-67421.760000;1370.941263
-67452.240000;1386.822472
-67482.720000;1402.703706
-67513.200000;1418.831388
-67543.680000;1435.143022
-67574.160000;1451.454682
-67604.640000;1467.766368
-67635.120000;1484.078080
-67665.600000;1500.787987
-67696.080000;1517.530101
-67726.560000;1534.377714
-67757.040000;1551.302373
-67787.520000;1568.372729
-67818.000000;1585.796046
-67848.480000;1603.210465
-67878.960000;1619.639589
-67909.440000;1635.986787
-67939.920000;1650.789781
-67970.400000;1664.694792
-68000.880000;1679.647393
-68031.360000;1696.989729
-68061.840000;1714.341009
-68092.320000;1732.124320
-68122.800000;1749.923825
-68153.280000;1766.440294
-68183.760000;1782.291154
-68214.240000;1795.850985
-68244.720000;1804.890924
-68275.200000;1814.011448
-68305.680000;1828.242499
-68336.160000;1842.446980
-68366.640000;1857.291264
-68397.120000;1872.425493
-68427.600000;1887.439470
-68458.080000;1902.262691
-68488.560000;1917.106649
-68519.040000;1932.226207
-68549.520000;1947.336965
-68580.000000;1962.653990
-68610.480000;1978.054486
-68640.960000;1993.550960
-68671.440000;2009.182810
-68701.920000;2024.841630
-68732.400000;2041.082525
-68762.880000;2057.323473
-68793.360000;2073.713387
-68823.840000;2090.138513
-68854.320000;2106.364061
-68884.800000;2122.323715
-68915.280000;2138.121307
-68945.760000;2152.600246
-68976.240000;2167.079252
-69006.720000;2179.835763
-69037.200000;2192.101976
-69067.680000;2203.793407
-69098.160000;2214.786230
-69128.640000;2225.745814
-69159.120000;2236.418764
-69189.600000;2247.083001
-69220.080000;2258.054142
-69250.560000;2269.101039
-69281.040000;2280.562166
-69311.520000;2292.469915
-69342.000000;2304.387505
-69372.480000;2316.342240
-69402.960000;2328.270797
-69433.440000;2342.666612
-69463.920000;2357.556768
-69494.400000;2370.260285
-69524.880000;2380.921621
-69555.360000;2389.620104
-69585.840000;2389.523910
-69616.320000;2389.419025
-69646.800000;2387.056798
-69677.280000;2384.321232
-69707.760000;2381.138085
-69738.240000;2377.583838
-69768.720000;2374.122570
-69799.200000;2370.998774
-69829.680000;2367.875020
-69860.160000;2364.799016
-69890.640000;2361.737033
-69921.120000;2358.893210
-69951.600000;2356.210083
-69982.080000;2353.544364
-70012.560000;2350.937555
-70043.040000;2348.339460
-70073.520000;2346.069426
-70104.000000;2343.826932
-70134.480000;2341.584472
-70164.960000;2339.342047
-70195.440000;2337.127425
-70225.920000;2334.991763
-70256.400000;2332.864787
-70286.880000;2330.746491
-70317.360000;2328.636871
-70347.840000;2326.728863
-70378.320000;2324.937123
-70408.800000;2323.054611
-70439.280000;2320.969614
-70469.760000;2318.893270
-70500.240000;2317.105902
-70530.720000;2315.324312
-70561.200000;2313.542744
-70591.680000;2311.761199
-70622.160000;2309.979676
-70652.640000;2308.198177
-70683.120000;2306.418318
-70713.600000;2304.811422
-70744.080000;2303.213145
-70774.560000;2301.328263
-70805.040000;2299.316834
-70835.520000;2297.400509
-70866.000000;2295.639113
-70896.480000;2293.877732
-70926.960000;2292.116365
-70957.440000;2290.355014
-70987.920000;2288.441211
-71018.400000;2286.459399
-71048.880000;2284.555903
-71079.360000;2282.784667
-71109.840000;2281.029166
-71140.320000;2279.492802
-71170.800000;2277.965006
-71201.280000;2277.226281
-71231.760000;2276.756203
-71262.240000;2276.467416
-71292.720000;2276.427751
-71323.200000;2276.388101
-71353.680000;2276.348467
-71384.160000;2276.308849
-71414.640000;2276.269247
-71445.120000;2276.229661
-71475.600000;2276.190090
-71506.080000;2276.150536
-71536.560000;2276.147859
-71567.040000;2276.403111
-71597.520000;2276.666881
-71628.000000;2276.695883
-71658.480000;2276.666277
-71688.960000;2276.843308
-71719.440000;2277.244110
-71749.920000;2277.644923
-71780.400000;2278.045749
-71810.880000;2278.446587
-71841.360000;2279.124382
-71871.840000;2279.865440
-71902.320000;2280.486858
-71932.800000;2280.980673
-71963.280000;2281.596066
-71993.760000;2282.781742
-72024.240000;2283.975885
-72054.720000;2285.237441
-72085.200000;2286.508976
-72115.680000;2287.780519
-72146.160000;2289.052072
-72176.640000;2290.405338
-72207.120000;2292.060964
-72237.600000;2293.725028
-72268.080000;2295.048185
-72298.560000;2296.329567
-72329.040000;2296.876719
-72359.520000;2296.866941
-72390.000000;2296.102339
-72420.480000;2293.029615
-72450.960000;2289.982110
-72481.440000;2287.770466
-72511.920000;2285.636730
-72542.400000;2283.511960
-72572.880000;2281.404242
-72603.360000;2278.942164
-72633.840000;2275.522211
-72664.320000;2272.085473
-72694.800000;2267.832113
-72725.280000;2263.529215
-72755.760000;2259.488150
-72786.240000;2255.598880
-72816.720000;2251.701237
-72847.200000;2247.795224
-72877.680000;2243.880847
-72908.160000;2240.006442
-72938.640000;2236.132896
-72969.120000;2232.297231
-72999.600000;2228.488216
-73030.080000;2224.930997
-73060.560000;2221.856393
-73091.040000;2218.769682
-73121.520000;2215.326518
-73152.000000;2211.883352
-73182.480000;2209.031663
-73212.960000;2206.449286
-73243.440000;2203.866907
-73273.920000;2201.284526
-73304.400000;2198.706307
-73334.880000;2196.231667
-73365.360000;2193.765330
-73395.840000;2191.532744
-73426.320000;2189.390392
-73456.800000;2187.417351
-73487.280000;2185.705388
-73517.760000;2184.053645
-73548.240000;2183.202470
-73578.720000;2182.351290
-73609.200000;2182.034566
-73639.680000;2181.892070
-73670.160000;2182.222830
-73700.640000;2183.195959
-73731.120000;2184.141841
-73761.600000;2184.983453
-73792.080000;2185.825073
-73822.560000;2186.666701
-73853.040000;2187.508338
-73883.520000;2188.349983
-73914.000000;2189.191637
-73944.480000;2190.138291
-73974.960000;2191.800247
-74005.440000;2193.478676
-74035.920000;2195.540748
-74066.400000;2197.692763
-74096.880000;2200.048327
-74127.360000;2202.634257
-74157.840000;2205.306393
-74188.320000;2208.372851
-74218.800000;2211.472134
-74249.280000;2213.637169
-74279.760000;2215.607437
-74310.240000;2217.005572
-74340.720000;2217.852807
-74371.200000;2218.765019
-74401.680000;2220.009870
-74432.160000;2221.238343
-74462.640000;2222.675577
-74493.120000;2224.139012
-74523.600000;2225.682215
-74554.080000;2227.285172
-74584.560000;2228.898595
-74615.040000;2230.601257
-74645.520000;2232.303928
-74676.000000;2234.392054
-74706.480000;2236.525152
-74736.960000;2238.658258
-74767.440000;2240.791374
-74797.920000;2242.924499
-74828.400000;2245.057633
-74858.880000;2247.190776
-74889.360000;2249.428739
-74919.840000;2251.667333
-74950.320000;2254.030352
-74980.800000;2256.485881
-75011.280000;2258.976578
-75041.760000;2261.540187
-75072.240000;2264.103805
-75102.720000;2265.926118
-75133.200000;2267.705848
-75163.680000;2268.612972
-75194.160000;2269.015159
-75224.640000;2269.151697
-75255.120000;2268.693083
-75285.600000;2268.234481
-75316.080000;2267.775891
-75346.560000;2267.317312
-75377.040000;2267.111586
-75407.520000;2267.041728
-75438.000000;2266.424382
-75468.480000;2264.718933
-75498.960000;2262.979218
-75529.440000;2259.536002
-75559.920000;2256.084737
-75590.400000;2252.909250
-75620.880000;2249.858931
-75651.360000;2247.125883
-75681.840000;2244.936424
-75712.320000;2242.767183
-75742.800000;2241.007800
-75773.280000;2239.254663
-75803.760000;2238.769195
-75834.240000;2238.750545
-75864.720000;2238.522172
-75895.200000;2237.943656
-75925.680000;2237.191140
-75956.160000;2234.851394
-75986.640000;2232.479637
-76017.120000;2231.073867
-76047.600000;2229.972422
-76078.080000;2228.960188
-76108.560000;2228.109160
-76139.040000;2226.892309
-76169.520000;2222.363906
-76200.000000;2217.819576
-76230.480000;2213.559504
-76260.960000;2209.409883
-76291.440000;2205.588029
-76321.920000;2202.129819
-76352.400000;2198.690432
-76382.880000;2195.332680
-76413.360000;2191.990886
-76443.840000;2188.665039
-76474.320000;2185.355131
-76504.800000;2182.222725
-76535.280000;2179.269342
-76565.760000;2176.306091
-76596.240000;2173.256227
-76626.720000;2170.206377
-76657.200000;2167.257330
-76687.680000;2164.334496
-76718.160000;2161.642928
-76748.640000;2159.166395
-76779.120000;2156.671288
-76809.600000;2154.070344
-76840.080000;2151.469407
-76870.560000;2148.868476
-76901.040000;2146.267552
-76931.520000;2143.751899
-76962.000000;2141.312421
-76992.480000;2138.844006
-77022.960000;2136.252279
-77053.440000;2133.660553
-77083.920000;2131.226800
-77114.400000;2128.817629
-77144.880000;2126.559677
-77175.360000;2124.407540
-77205.840000;2122.145261
-77236.320000;2119.562694
-77266.800000;2116.980125
-77297.280000;2114.798980
-77327.760000;2112.646837
-77358.240000;2110.622940
-77388.720000;2108.687580
-77419.200000;2106.635152
-77449.680000;2104.268755
-77480.160000;2101.894511
-77510.640000;2099.733954
-77541.120000;2097.581803
-77571.600000;2095.429651
-77602.080000;2093.277497
-77632.560000;2091.125342
-77663.040000;2088.973187
-77693.520000;2086.821030
-77724.000000;2084.497114
-77754.480000;2082.179782
-77784.960000;2079.980874
-77815.440000;2077.837780
-77845.920000;2075.694680
-77876.400000;2073.551575
-77906.880000;2071.408465
-77937.360000;2069.265350
-77967.840000;2067.122230
-77998.320000;2064.882587
-78028.800000;2062.608206
-78059.280000;2060.390620
-78089.760000;2058.256511
-78120.240000;2056.115834
-78150.720000;2053.863487
-78181.200000;2051.618894
-78211.680000;2049.696436
-78242.160000;2047.897774
-78272.640000;2046.240207
-78303.120000;2044.790000
-78333.600000;2043.467830
-78364.080000;2043.406457
-78394.560000;2043.391502
-78425.040000;2043.950695
-78455.520000;2044.735876
-78486.000000;2043.499653
-78516.480000;2039.585583
-78546.960000;2035.713014
-78577.440000;2032.310481
-78607.920000;2028.869297
-78638.400000;2025.685280
-78668.880000;2022.547695
-78699.360000;2019.557784
-78729.840000;2016.745762
-78760.320000;2014.023236
-78790.800000;2011.952441
-78821.280000;2009.873933
-78851.760000;2007.458428
-78882.240000;2004.956638
-78912.720000;2002.632119
-78943.200000;2000.497756
-78973.680000;1998.290528
-79004.160000;1995.735406
-79034.640000;1993.172605
-79065.120000;1990.599828
-79095.600000;1988.028693
-79126.080000;1985.463832
-79156.560000;1982.898962
-79187.040000;1980.157214
-79217.520000;1976.731440
-79248.000000;1973.305657
-79278.480000;1969.879863
-79308.960000;1966.454060
-79339.440000;1962.341754
-79369.920000;1957.699923
-79400.400000;1953.147033
-79430.880000;1948.833961
-79461.360000;1944.513249
-79491.840000;1940.231247
-79522.320000;1935.953330
-79552.800000;1933.382900
-79583.280000;1931.989208
-79613.760000;1929.909945
-79644.240000;1925.973955
-79674.720000;1922.030361
-79705.200000;1918.152163
-79735.680000;1914.278143
-79766.160000;1914.140539
-79796.640000;1916.292775
-79827.120000;1918.445011
-79857.600000;1920.597249
-79888.080000;1922.749488
-79918.560000;1924.063479
-79949.040000;1925.354823
-79979.520000;1926.293623
-80010.000000;1927.036797
-80040.480000;1927.568522
-80070.960000;1927.683804
-80101.440000;1927.806104
-80131.920000;1927.806104
-80162.400000;1927.806104
-80192.880000;1927.712179
-80223.360000;1927.567938
-80253.840000;1927.366210
-80284.320000;1927.077568
-80314.800000;1926.806104
-80345.280000;1926.806104
-80375.760000;1926.806104
-80406.240000;1926.499780
-80436.720000;1926.069329
-80467.200000;1925.806104
-80497.680000;1925.806104
-80528.160000;1925.834236
-80558.640000;1926.264689
-80589.120000;1926.695142
-80619.600000;1926.947499
-80650.080000;1927.144526
-80680.560000;1927.349035
-80711.040000;1927.561023
-80741.520000;1927.636850
-80772.000000;1926.362851
-80802.480000;1925.088843
-80832.960000;1921.984027
-80863.440000;1918.334436
-80893.920000;1914.189420
-80924.400000;1909.434440
-80954.880000;1904.748355
-80985.360000;1900.629808
-81015.840000;1896.503816
-81046.320000;1892.024526
-81076.800000;1887.453203
-81107.280000;1883.081221
-81137.760000;1878.925501
-81168.240000;1874.654165
-81198.720000;1869.791222
-81229.200000;1864.913446
-81259.680000;1860.828285
-81290.160000;1856.902477
-81320.640000;1853.557777
-81351.120000;1850.774713
-81381.600000;1848.024770
-81412.080000;1845.402077
-81442.560000;1842.801599
-81473.040000;1840.733031
-81503.520000;1838.780107
-81534.000000;1837.260959
-81564.480000;1836.120134
-81594.960000;1835.046982
-81625.440000;1834.065730
-81655.920000;1833.069693
-81686.400000;1832.641261
-81716.880000;1832.252037
-81747.360000;1832.455145
-81777.840000;1833.104811
-81808.320000;1833.799608
-81838.800000;1834.669075
-81869.280000;1835.538538
-81899.760000;1836.806719
-81930.240000;1838.106638
-81960.720000;1839.527166
-81991.200000;1841.044683
-82021.680000;1842.564731
-82052.160000;1844.061420
-82082.640000;1845.587401
-82113.120000;1845.250811
-82143.600000;1844.837028
-82174.080000;1842.890524
-82204.560000;1840.044155
-82235.040000;1836.929127
-82265.520000;1833.231615
-82296.000000;1829.512164
-82326.480000;1827.013924
-82356.960000;1824.516369
-82387.440000;1822.256294
-82417.920000;1820.120899
-82448.400000;1816.668026
-82478.880000;1810.671866
-82509.360000;1804.668211
-82539.840000;1798.650126
-82570.320000;1792.632034
-82600.800000;1786.314621
-82631.280000;1779.849752
-82661.760000;1773.547302
-82692.240000;1767.524416
-82722.720000;1761.529364
-82753.200000;1755.933274
-82783.680000;1750.337182
-82814.160000;1744.741087
-82844.640000;1739.144989
-82875.120000;1733.722521
-82905.600000;1728.556887
-82936.080000;1723.394440
-82966.560000;1718.272427
-82997.040000;1713.157636
-83027.520000;1708.376044
-83058.000000;1703.706153
-83088.480000;1699.554062
-83118.960000;1696.064099
-83149.440000;1692.511829
-83179.920000;1688.507979
-83210.400000;1684.489721
-83240.880000;1679.558690
-83271.360000;1674.384669
-83301.840000;1669.249245
-83332.320000;1664.163472
-83362.800000;1659.097695
-83393.280000;1654.120552
-83423.760000;1649.157759
-83454.240000;1644.231218
-83484.720000;1639.297760
-83515.200000;1634.243671
-83545.680000;1629.077983
-83576.160000;1623.912293
-83606.640000;1618.746601
-83637.120000;1613.580905
-83667.600000;1608.415208
-83698.080000;1603.249507
-83728.560000;1598.083805
-83759.040000;1592.918099
-83789.520000;1587.928010
-83820.000000;1583.623251
-83850.480000;1579.318490
-83880.960000;1577.668391
-83911.440000;1576.376961
-83941.920000;1574.933549
-83972.400000;1573.375274
-84002.880000;1571.660636
-84033.360000;1569.425216
-84063.840000;1567.204000
-84094.320000;1565.229178
-84124.800000;1563.284172
-84155.280000;1561.599780
-84185.760000;1560.099408
-84216.240000;1558.377126
-84246.720000;1556.029933
-84277.200000;1553.689800
-84307.680000;1548.731928
-84338.160000;1543.615478
-84368.640000;1538.499001
-84399.120000;1533.382499
-84429.600000;1528.265970
-84460.080000;1523.149414
-84490.560000;1518.032833
-84521.040000;1513.754801
-84551.520000;1509.499129
-84582.000000;1505.394758
-84612.480000;1501.377296
-84642.960000;1497.429500
-84673.440000;1493.612379
-84703.920000;1489.794298
-84734.400000;1485.796694
-84764.880000;1481.806088
-84795.360000;1477.997813
-84825.840000;1474.284156
-84856.320000;1470.489662
-84886.800000;1466.535138
-84917.280000;1462.572026
-84947.760000;1458.200948
-84978.240000;1453.836828
-85008.720000;1449.987497
-85039.200000;1446.355355
-85069.680000;1444.359665
-85100.160000;1444.903801
-85130.640000;1444.925119
-85161.120000;1437.683452
-85191.600000;1430.420789
-85222.080000;1422.951921
-85252.560000;1415.410609
-85283.040000;1408.439308
-85313.520000;1402.268380
-85344.000000;1395.921342
-85374.480000;1387.839085
-85404.960000;1379.756776
-85435.440000;1371.185424
-85465.920000;1362.484730
-85496.400000;1356.566930
-85526.880000;1354.008799
-85557.360000;1351.457602
-85587.840000;1348.894055
-85618.320000;1346.302724
-85648.800000;1343.500255
-85679.280000;1340.644830
-85709.760000;1337.607546
-85740.240000;1334.371438
-85770.720000;1331.042331
-85801.200000;1327.290073
-85831.680000;1323.530875
-85862.160000;1320.125386
-85892.640000;1316.782811
-85923.120000;1313.410307
-85953.600000;1310.014425
-85984.080000;1306.625768
-86014.560000;1303.263523
-86045.040000;1299.894370
-86075.520000;1296.868523
-86106.000000;1293.895018
-86136.480000;1290.921491
-86166.960000;1287.947943
-86197.440000;1285.070419
-86227.920000;1282.527321
-86258.400000;1279.984201
-86288.880000;1277.056631
-86319.360000;1274.079901
-86349.840000;1271.346783
-86380.320000;1268.795628
-86410.800000;1266.348733
-86441.280000;1264.198940
-86471.760000;1262.035461
-86502.240000;1260.259281
-86532.720000;1258.498952
-86563.200000;1256.512912
-86593.680000;1254.393265
-86624.160000;1251.552459
-86654.640000;1246.902010
-86685.120000;1242.265177
-86715.600000;1239.214269
-86746.080000;1236.224510
-86776.560000;1234.126527
-86807.040000;1232.541737
-86837.520000;1230.679299
-86868.000000;1228.198207
-86898.480000;1225.723881
-86928.960000;1223.188566
-86959.440000;1220.652837
-86989.920000;1218.117084
-87020.400000;1215.581305
-87050.880000;1213.045502
-87081.360000;1210.509673
-87111.840000;1207.973820
-87142.320000;1205.437941
-87172.800000;1202.902037
-87203.280000;1200.132981
-87233.760000;1197.270885
-87264.240000;1194.375522
-87294.720000;1191.416850
-87325.200000;1188.458150
-87355.680000;1185.499421
-87386.160000;1182.540662
-87416.640000;1179.445320
-87447.120000;1176.312068
-87477.600000;1173.192229
-87508.080000;1170.085794
-87538.560000;1167.156272
-87569.040000;1165.937914
-87599.520000;1164.739639
-87630.000000;1164.433070
-87660.480000;1164.390428
-87690.960000;1164.408439
-87721.440000;1164.509532
-87751.920000;1164.713386
-87782.400000;1165.675381
-87812.880000;1166.637324
-87843.360000;1167.329776
-87873.840000;1167.941357
-87904.320000;1167.528477
-87934.800000;1166.003364
-87965.280000;1164.460803
-87995.760000;1162.731400
-88026.240000;1161.028584
-88056.720000;1160.027490
-88087.200000;1159.205397
-88117.680000;1159.608140
-88148.160000;1161.151714
-88178.640000;1162.733791
-88209.120000;1164.627991
-88239.600000;1166.482297
-88270.080000;1168.298366
-88300.560000;1170.099526
-88331.040000;1171.656401
-88361.520000;1173.000468
-88392.000000;1174.342989
-88422.480000;1175.731467
-88452.960000;1177.133140
-88483.440000;1179.443609
-88513.920000;1181.858239
-88544.400000;1184.615850
-88574.880000;1187.627544
-88605.360000;1190.538530
-88635.840000;1193.175178
-88666.320000;1195.811800
-88696.800000;1198.845469
-88727.280000;1201.912546
-88757.760000;1204.979597
-88788.240000;1208.046621
-88818.720000;1210.994509
-88849.200000;1213.630971
-88879.680000;1216.267406
-88910.160000;1219.314453
-88940.640000;1222.381345
-88971.120000;1225.448211
-89001.600000;1228.515050
-89032.080000;1231.622671
-89062.560000;1234.817588
-89093.040000;1238.005938
-89123.520000;1241.370325
-89154.000000;1244.743840
-89184.480000;1248.485998
-89214.960000;1252.413675
-89245.440000;1256.232282
-89275.920000;1259.834568
-89306.400000;1263.406720
-89336.880000;1265.604677
-89367.360000;1267.802611
-89397.840000;1268.441692
-89428.320000;1268.399270
-89458.800000;1268.075841
-89489.280000;1267.267636
-89519.760000;1266.463294
-89550.240000;1265.731888
-89580.720000;1264.993966
-89611.200000;1264.510770
-89641.680000;1264.125413
-89672.160000;1263.913476
-89702.640000;1263.958585
-89733.120000;1264.003670
-89763.600000;1264.048732
-89794.080000;1264.093769
-89824.560000;1264.464803
-89855.040000;1264.940309
-89885.520000;1265.415791
-89916.000000;1265.891249
-89946.480000;1266.370591
-89976.960000;1266.877401
-90007.440000;1267.377748
-90037.920000;1268.191296
-90068.400000;1269.089683
-90098.880000;1269.988050
-90129.360000;1270.886398
-90159.840000;1271.846429
-90190.320000;1273.175256
-90220.800000;1274.504063
-90251.280000;1275.832851
-90281.760000;1277.160782
-90312.240000;1278.482093
-90342.720000;1279.803388
-90373.200000;1281.200000
-90403.680000;1282.951784
-90434.160000;1284.703552
-90464.640000;1286.822196
-90495.120000;1289.004454
-90525.600000;1291.186697
-90556.080000;1293.368925
-90586.560000;1295.722401
-90617.040000;1298.729488
-90647.520000;1301.730192
-90678.000000;1304.761520
-90708.480000;1307.797329
-90738.960000;1311.101757
-90769.440000;1314.621244
-90799.920000;1317.941837
-90830.400000;1320.612954
-90860.880000;1323.290399
-90891.360000;1322.644674
-90921.840000;1321.680114
-90952.320000;1319.978936
-90982.800000;1317.772914
-91013.280000;1315.602010
-91043.760000;1313.544846
-91074.240000;1311.493993
-91104.720000;1310.101758
-91135.200000;1308.739805
-91165.680000;1306.622659
-91196.160000;1304.054162
-91226.640000;1301.195947
-91257.120000;1297.663438
-91287.600000;1294.124624
-91318.080000;1290.685533
-91348.560000;1287.248637
-91379.040000;1283.529173
-91409.520000;1279.661741
-91440.000000;1275.794303
-91470.480000;1271.926860
-91500.960000;1268.054746
-91531.440000;1263.756765
-91561.920000;1259.458779
-91592.400000;1254.864543
-91622.880000;1250.136018
-91653.360000;1245.722081
-91683.840000;1241.854598
-91714.320000;1238.066866
-91744.800000;1236.073770
-91775.280000;1234.086910
-91805.760000;1231.878226
-91836.240000;1229.576311
-91866.720000;1227.097167
-91897.200000;1224.352252
-91927.680000;1221.613826
-91958.160000;1219.030654
-91988.640000;1216.447481
-92019.120000;1213.540674
-92049.600000;1210.526969
-92080.080000;1207.617997
-92110.560000;1204.844000
-92141.040000;1202.201054
-92171.520000;1200.706250
-92202.000000;1199.205257
-92232.480000;1198.868285
-92262.960000;1198.853916
-92293.440000;1198.737036
-92323.920000;1198.504730
-92354.400000;1198.249016
-92384.880000;1197.811316
-92415.360000;1197.373620
-92445.840000;1196.767110
-92476.320000;1196.127980
-92506.800000;1195.381860
-92537.280000;1194.520795
-92567.760000;1193.626630
-92598.240000;1192.574441
-92628.720000;1191.528397
-92659.200000;1190.488491
-92689.680000;1189.454721
-92720.160000;1189.518668
-92750.640000;1190.568669
-92781.120000;1191.925233
-92811.600000;1194.515549
-92842.080000;1197.105862
-92872.560000;1200.074691
-92903.040000;1203.095532
-92933.520000;1205.876782
-92964.000000;1208.467084
-92994.480000;1211.092881
-93024.960000;1213.831249
-93055.440000;1216.563518
-93085.920000;1219.421943
-93116.400000;1222.298821
-93146.880000;1225.008830
-93177.360000;1227.599111
-93207.840000;1230.189389
-93238.320000;1232.779664
-93268.800000;1235.369936
-93299.280000;1237.960206
-93329.760000;1240.550472
-93360.240000;1243.140736
-93390.720000;1245.730996
-93421.200000;1248.353787
-93451.680000;1251.049402
-93482.160000;1253.738964
-93512.640000;1256.744550
-93543.120000;1259.758316
-93573.600000;1262.552661
-93604.080000;1265.225077
-93634.560000;1268.004339
-93665.040000;1271.011108
-93695.520000;1274.017884
-93726.000000;1277.024664
-93756.480000;1280.031449
-93786.960000;1282.793625
-93817.440000;1285.437900
-93847.920000;1287.764760
-93878.400000;1289.535956
-93908.880000;1291.332352
-93939.360000;1293.894697
-93969.840000;1296.457054
-94000.320000;1299.327833
-94030.800000;1302.320757
-94061.280000;1305.011002
-94091.760000;1307.226714
-94122.240000;1309.277617
-94152.720000;1309.316749
-94183.200000;1309.343959
-94213.680000;1308.967115
-94244.160000;1308.462148
-94274.640000;1307.963168
-94305.120000;1307.470171
-94335.600000;1306.985132
-94366.080000;1306.520037
-94396.560000;1306.054962
-94427.040000;1305.589907
-94457.520000;1305.124871
-94488.000000;1304.661859
-94518.480000;1304.196915
-94548.960000;1303.787844
-94579.440000;1303.748514
-94609.920000;1303.703280
-94640.400000;1303.302343
-94670.880000;1302.814774
-94701.360000;1302.532212
-94731.840000;1302.463418
-94762.320000;1302.388746
-94792.800000;1302.308202
-94823.280000;1302.221791
-94853.760000;1302.466865
-94884.240000;1302.762737
-94914.720000;1302.880091
-94945.200000;1302.846386
-94975.680000;1302.895866
-95006.160000;1303.258143
-95036.640000;1303.620460
-95067.120000;1303.982816
-95097.600000;1304.345213
-95128.080000;1304.437216
-95158.560000;1304.307027
-95189.040000;1303.543850
-95219.520000;1300.684687
-95250.000000;1297.808014
-95280.480000;1297.067091
-95310.960000;1296.541522
-95341.440000;1295.350373
-95371.920000;1293.698615
-95402.400000;1291.740264
-95432.880000;1288.907856
-95463.360000;1286.092974
-95493.840000;1283.208454
-95524.320000;1280.330312
-95554.800000;1277.136747
-95585.280000;1273.748232
-95615.760000;1270.303894
-95646.240000;1266.711018
-95676.720000;1263.112361
-95707.200000;1262.749782
-95737.680000;1262.465309
-95768.160000;1261.560806
-95798.640000;1260.332170
-95829.120000;1258.767500
-95859.600000;1256.515606
-95890.080000;1254.282877
-95920.560000;1252.393906
-95951.040000;1250.499182
-95981.520000;1248.589418
-96012.000000;1246.684145
-96042.480000;1244.944130
-96072.960000;1243.477060
-96103.440000;1242.015536
-96133.920000;1240.843964
-96164.400000;1239.678159
-96194.880000;1238.404359
-96225.360000;1237.086027
-96255.840000;1235.936620
-96286.320000;1235.048872
-96316.800000;1234.161140
-96347.280000;1233.273423
-96377.760000;1232.385722
-96408.240000;1231.498036
-96438.720000;1230.610366
-96469.200000;1230.009792
-96499.680000;1229.794292
-96530.160000;1229.592537
-96560.640000;1229.559415
-96591.120000;1229.526313
-96621.600000;1229.493231
-96652.080000;1229.460169
-96682.560000;1229.726906
-96713.040000;1230.345997
-96743.520000;1231.017216
-96774.000000;1232.055543
-96804.480000;1233.088217
-96834.960000;1233.072995
-96865.440000;1232.820540
-96895.920000;1231.410993
-96926.400000;1228.788189
-96956.880000;1226.122015
-96987.360000;1223.228753
-97017.840000;1220.318555
-97048.320000;1217.391438
-97078.800000;1214.447415
-97109.280000;1211.450471
-97139.760000;1208.425021
-97170.240000;1205.410888
-97200.720000;1202.408062
-97231.200000;1199.416531
-97261.680000;1197.190835
-97292.160000;1195.082984
-97322.640000;1193.078501
-97353.120000;1191.155154
-97383.600000;1189.336954
-97414.080000;1187.855430
-97444.560000;1186.379529
-97475.040000;1185.047645
-97505.520000;1183.729958
-97536.000000;1182.664602
-97566.480000;1181.777508
-97596.960000;1180.929496
-97627.440000;1180.197775
-97657.920000;1179.477230
-97688.400000;1178.737496
-97718.880000;1177.990782
-97749.360000;1177.426099
-97779.840000;1176.976140
-97810.320000;1176.526194
-97840.800000;1176.076259
-97871.280000;1175.626336
-97901.760000;1175.485216
-97932.240000;1175.358064
-97962.720000;1175.096512
-97993.200000;1174.756242
-98023.680000;1174.484664
-98054.160000;1174.366850
-98084.640000;1174.255128
-98115.120000;1174.242285
-98145.600000;1174.229449
-98176.080000;1174.216622
-98206.560000;1174.203802
-98237.040000;1174.190991
-98267.520000;1174.178187
-98298.000000;1174.162448
-98328.480000;1174.075170
-98358.960000;1173.993402
-98389.440000;1173.966578
-98419.920000;1173.960196
-98450.400000;1173.784607
-98480.880000;1173.347667
-98511.360000;1172.914827
-98541.840000;1172.533074
-98572.320000;1172.145847
-98602.800000;1171.715830
-98633.280000;1171.272556
-98663.760000;1170.829289
-98694.240000;1170.386029
-98724.720000;1169.942778
-98755.200000;1169.499534
-98785.680000;1169.056298
-98816.160000;1168.973101
-98846.640000;1168.986380
-98877.120000;1170.548190
-98907.600000;1173.952411
-98938.080000;1177.534235
-98968.560000;1182.224245
-98999.040000;1186.925126
-99029.520000;1191.655968
-99060.000000;1196.392225
-99090.480000;1201.128483
-99120.960000;1205.864744
-99151.440000;1210.528742
-99181.920000;1214.840697
-99212.400000;1219.160325
-99242.880000;1223.837156
-99273.360000;1228.573786
-99303.840000;1232.867960
-99334.320000;1236.766059
-99364.800000;1240.752193
-99395.280000;1245.070408
-99425.760000;1249.388617
-99456.240000;1253.328854
-99486.720000;1257.216480
-99517.200000;1260.882448
-99547.680000;1264.375101
-99578.160000;1267.873112
-99608.640000;1271.376476
-99639.120000;1274.885188
-99669.600000;1278.399243
-99700.080000;1281.918635
-99730.560000;1286.396792
-99761.040000;1291.540261
-99791.520000;1296.777889
-99822.000000;1302.282304
-99852.480000;1307.776037
-99882.960000;1311.755015
-99913.440000;1315.642549
-99943.920000;1318.728711
-99974.400000;1321.324511
-100004.880000;1323.792036
-100035.360000;1325.957248
-100065.840000;1328.122453
-100096.320000;1330.367783
-100126.800000;1332.620365
-100157.280000;1335.045173
-100187.760000;1337.555243
-100218.240000;1339.948371
-100248.720000;1342.113533
-100279.200000;1344.278688
-100309.680000;1346.443836
-100340.160000;1348.608976
-100370.640000;1351.069276
-100401.120000;1353.664978
-100431.600000;1356.104355
-100462.080000;1358.269467
-100492.560000;1360.421828
-100523.040000;1362.275582
-100553.520000;1364.134584
-100584.000000;1366.129394
-100614.480000;1368.171676
-100644.960000;1370.259988
-100675.440000;1372.425050
-100705.920000;1374.558596
-100736.400000;1376.293066
-100766.880000;1378.027528
-100797.360000;1379.978084
-100827.840000;1381.995818
-100858.320000;1383.702885
-100888.800000;1385.000680
-100919.280000;1386.327822
-100949.760000;1387.900148
-100980.240000;1389.467262
-101010.720000;1391.829846
-101041.200000;1394.413320
-101071.680000;1397.425004
-101102.160000;1400.948958
-101132.640000;1404.333986
-101163.120000;1406.761219
-101193.600000;1409.183256
-101224.080000;1411.043587
-101254.560000;1412.777932
-101285.040000;1414.542842
-101315.520000;1416.331394
-101346.000000;1417.879772
-101376.480000;1418.310353
-101406.960000;1418.740934
-101437.440000;1418.608070
-101467.920000;1418.379480
-101498.400000;1417.929466
-101528.880000;1417.280588
-101559.360000;1417.211883
-101589.840000;1419.386072
-101620.320000;1421.549982
-101650.800000;1423.703729
-101681.280000;1425.837581
-101711.760000;1427.604125
-101742.240000;1429.096429
-101772.720000;1430.540553
-101803.200000;1431.814479
-101833.680000;1433.088417
-101864.160000;1433.968807
-101894.640000;1434.812186
-101925.120000;1435.910307
-101955.600000;1437.184295
-101986.080000;1438.523795
-102016.560000;1440.044390
-102047.040000;1441.570086
-102077.520000;1443.100877
-102108.000000;1444.636759
-102138.480000;1445.908910
-102168.960000;1447.024372
-102199.440000;1448.144910
-102229.920000;1449.270517
-102260.400000;1450.401189
-102290.880000;1451.273704
-102321.360000;1452.140748
-102351.840000;1452.904769
-102382.320000;1453.619197
-102412.800000;1454.245361
-102443.280000;1454.687661
-102473.760000;1455.133420
-102504.240000;1455.862139
-102534.720000;1456.595884
-102565.200000;1456.932590
-102595.680000;1457.085006
-102626.160000;1457.292027
-102656.640000;1457.603580
-102687.120000;1457.906583
-102717.600000;1457.924048
-102748.080000;1457.941501
-102778.560000;1457.871084
-102809.040000;1457.771230
-102839.520000;1457.597369
-102870.000000;1457.303082
-102900.480000;1456.986432
-102930.960000;1456.464317
-102961.440000;1455.947177
-102991.920000;1455.513649
-103022.400000;1455.106188
-103052.880000;1454.698711
-103083.360000;1454.291217
-103113.840000;1453.920898
-103144.320000;1453.852550
-103174.800000;1453.789148
-103205.280000;1453.051948
-103235.760000;1452.137243
-103266.240000;1450.826370
-103296.720000;1449.060340
-103327.200000;1447.394000
-103357.680000;1446.290399
-103388.160000;1445.176892
-103418.640000;1444.703505
-103449.120000;1444.366474
-103479.600000;1442.489561
-103510.080000;1439.067705
-103540.560000;1436.297138
-103571.040000;1436.580548
-103601.520000;1436.878683
-103632.000000;1437.648299
-103662.480000;1438.501725
-103692.960000;1439.385157
-103723.440000;1440.291866
-103753.920000;1441.207404
-103784.400000;1442.153481
-103814.880000;1443.094638
-103845.360000;1443.968714
-103875.840000;1444.839145
-103906.320000;1445.505507
-103936.800000;1446.007761
-103967.280000;1446.394832
-103997.760000;1446.434415
-104028.240000;1446.473970
-104058.720000;1446.909438
-104089.200000;1447.379532
-104119.680000;1447.600316
-104150.160000;1447.649026
-104180.640000;1447.690583
-104211.120000;1447.724344
-104241.600000;1447.758082
-104272.080000;1447.791795
-104302.560000;1447.828715
-104333.040000;1447.867992
-104363.520000;1447.907242
-104394.000000;1447.943807
-104424.480000;1447.971213
-104454.960000;1447.993775
-104485.440000;1447.618483
-104515.920000;1447.242048
-104546.400000;1446.856692
-104576.880000;1446.465150
-104607.360000;1446.073580
-104637.840000;1445.681982
-104668.320000;1445.290357
-104698.800000;1444.898703
-104729.280000;1444.507022
-104759.760000;1444.115312
-104790.240000;1443.723575
-104820.720000;1443.331809
-104851.200000;1442.940016
-104881.680000;1442.528571
-104912.160000;1441.755634
-104942.640000;1440.987432
-104973.120000;1440.498317
-105003.600000;1440.111907
-105034.080000;1439.550448
-105064.560000;1438.733376
-105095.040000;1437.921625
-105125.520000;1437.170713
-105156.000000;1436.424509
-105186.480000;1435.683007
-105216.960000;1434.946202
-105247.440000;1434.058052
-105277.920000;1432.978923
-105308.400000;1431.968997
-105338.880000;1431.422119
-105369.360000;1430.889340
-105399.840000;1430.509392
-105430.320000;1430.187800
-105460.800000;1429.076032
-105491.280000;1427.078936
-105521.760000;1425.685378
-105552.240000;1427.577082
-105582.720000;1429.449921
-105613.200000;1432.373155
-105643.680000;1435.500128
-105674.160000;1439.586789
-105704.640000;1444.605298
-105735.120000;1449.537581
-105765.600000;1454.185161
-105796.080000;1458.809362
-105826.560000;1460.962072
-105857.040000;1462.716954
-105887.520000;1463.410162
-105918.000000;1463.185909
-105948.480000;1462.794226
-105978.960000;1461.822368
-106009.440000;1460.845851
-106039.920000;1459.986563
-106070.400000;1459.141511
-106100.880000;1458.296446
-106131.360000;1457.451368
-106161.840000;1456.499024
-106192.320000;1455.223319
-106222.800000;1453.947601
-106253.280000;1452.929540
-106283.760000;1451.927385
-106314.240000;1450.850352
-106344.720000;1449.730115
-106375.200000;1448.523184
-106405.680000;1447.082655
-106436.160000;1445.637518
-106466.640000;1444.349682
-106497.120000;1443.068524
-106527.600000;1441.676900
-106558.080000;1440.218703
-106588.560000;1438.732313
-106619.040000;1437.196064
-106649.520000;1435.664382
-106680.000000;1433.953870
-106710.480000;1432.242048
-106740.960000;1430.241470
-106771.440000;1428.099025
-106801.920000;1425.889070
-106832.400000;1423.549708
-106862.880000;1421.210939
-106893.360000;1419.063182
-106923.840000;1416.915421
-106954.320000;1414.306050
-106984.800000;1411.506120
-107015.280000;1408.794947
-107045.760000;1406.221817
-107076.240000;1403.623255
-107106.720000;1400.619500
-107137.200000;1397.615735
-107167.680000;1394.457556
-107198.160000;1391.248111
-107228.640000;1387.949690
-107259.120000;1384.520512
-107289.600000;1381.070122
-107320.080000;1377.408423
-107350.560000;1373.742218
-107381.040000;1370.038446
-107411.520000;1366.312353
-107442.000000;1362.873511
-107472.480000;1359.795640
-107502.960000;1356.801174
-107533.440000;1354.450195
-107563.920000;1352.103696
-107594.400000;1350.858638
-107624.880000;1349.895245
-107655.360000;1349.028730
-107685.840000;1348.262487
-107716.320000;1347.505143
-107746.800000;1346.756688
-107777.280000;1346.017110
-107807.760000;1345.062294
-107838.240000;1344.068337
-107868.720000;1342.997533
-107899.200000;1341.857609
-107929.680000;1340.620430
-107960.160000;1338.939089
-107990.640000;1337.257715
-108021.120000;1335.329840
-108051.600000;1333.360745
-108082.080000;1331.073620
-108112.560000;1328.525775
-108143.040000;1325.815430
-108173.520000;1322.541869
-108204.000000;1319.263883
-108234.480000;1315.743831
-108264.960000;1312.202030
-108295.440000;1310.589422
-108325.920000;1310.377428
-108356.400000;1310.364591
-108386.880000;1310.911135
-108417.360000;1311.470762
-108447.840000;1311.052451
-108478.320000;1310.570576
-108508.800000;1309.828886
-108539.280000;1308.925019
-108569.760000;1307.806071
-108600.240000;1306.154378
-108630.720000;1304.502629
-108661.200000;1302.752887
-108691.680000;1301.004215
-108722.160000;1300.436089
-108752.640000;1300.511610
-108783.120000;1300.806444
-108813.600000;1301.563986
-108844.080000;1302.328526
-108874.560000;1302.327928
-108905.040000;1302.331581
-108935.520000;1302.228529
-108966.000000;1302.084702
-108996.480000;1302.080054
-109026.960000;1302.318157
-109057.440000;1302.601459
-109087.920000;1303.658232
-109118.400000;1304.710611
-109148.880000;1305.806053
-109179.360000;1306.912535
-109209.840000;1307.842077
-109240.320000;1308.500628
-109270.800000;1309.117051
-109301.280000;1309.272014
-109331.760000;1309.422626
-109362.240000;1308.244942
-109392.720000;1306.616545
-109423.200000;1304.988073
-109453.680000;1303.359524
-109484.160000;1301.993912
-109514.640000;1302.948919
-109545.120000;1303.903851
-109575.600000;1304.523018
-109606.080000;1305.047181
-109636.560000;1305.010168
-109667.040000;1304.301054
-109697.520000;1303.521431
-109728.000000;1302.338821
-109758.480000;1301.151921
-109788.960000;1299.278481
-109819.440000;1297.239837
-109849.920000;1295.184038
-109880.400000;1293.113899
-109910.880000;1290.967001
-109941.360000;1288.457724
-109971.840000;1285.944197
-110002.320000;1282.697707
-110032.800000;1279.314452
-110063.280000;1275.253281
-110093.760000;1270.569263
-110124.240000;1265.893090
-110154.720000;1261.229041
-110185.200000;1256.564932
-110215.680000;1253.408992
-110246.160000;1250.455852
-110276.640000;1247.485516
-110307.120000;1244.494170
-110337.600000;1241.197880
-110368.080000;1236.944729
-110398.560000;1232.691534
-110429.040000;1227.672300
-110459.520000;1222.583763
-110490.000000;1218.755335
-110520.480000;1215.798630
-110550.960000;1213.749920
-110581.440000;1214.172245
-110611.920000;1214.586268
-110642.400000;1214.177190
-110672.880000;1213.713396
-110703.360000;1212.460718
-110733.840000;1210.732481
-110764.320000;1209.273388
-110794.800000;1208.445521
-110825.280000;1207.617625
-110855.760000;1205.424728
-110886.240000;1203.195030
-110916.720000;1200.391094
-110947.200000;1197.283737
-110977.680000;1194.561399
-111008.160000;1192.605960
-111038.640000;1190.669675
-111069.120000;1191.460980
-111099.600000;1192.248216
-111130.080000;1193.769636
-111160.560000;1195.628078
-111191.040000;1197.363028
-111221.520000;1198.883193
-111252.000000;1200.354324
-111282.480000;1200.560574
-111312.960000;1200.754667
-111343.440000;1200.936617
-111373.920000;1201.106441
-111404.400000;1201.093887
-111434.880000;1200.829843
-111465.360000;1200.566590
-111495.840000;1200.224985
-111526.320000;1199.887408
-111556.800000;1199.806104
-111587.280000;1199.806104
-111617.760000;1199.761902
-111648.240000;1199.657448
-111678.720000;1199.524197
-111709.200000;1199.196734
-111739.680000;1198.873277
-111770.160000;1198.806104
-111800.640000;1198.806104
-111831.120000;1198.751947
-111861.600000;1198.633441
-111892.080000;1198.482921
-111922.560000;1198.169517
-111953.040000;1197.860094
-111983.520000;1197.806104
-112014.000000;1197.806104
-112044.480000;1197.654938
-112074.960000;1197.356783
-112105.440000;1197.116020
-112135.920000;1197.120614
-112166.400000;1197.125203
-112196.880000;1196.760474
-112227.360000;1196.334426
-112257.840000;1195.908375
-112288.320000;1195.482320
-112318.800000;1194.935409
-112349.280000;1193.947397
-112379.760000;1192.967237
-112410.240000;1192.489401
-112440.720000;1192.072433
-112471.200000;1191.744815
-112501.680000;1191.487976
-112532.160000;1191.407794
-112562.640000;1191.856575
-112593.120000;1192.305341
-112623.600000;1192.754091
-112654.080000;1193.202825
-112684.560000;1193.808081
-112715.040000;1194.513546
-112745.520000;1195.505339
-112776.000000;1197.241392
-112806.480000;1198.977434
-112836.960000;1200.540583
-112867.440000;1202.092348
-112897.920000;1203.483631
-112928.400000;1204.784505
-112958.880000;1206.026343
-112989.360000;1207.136467
-113019.840000;1208.242728
-113050.320000;1209.537462
-113080.800000;1210.833828
-113111.280000;1211.841962
-113141.760000;1212.707689
-113172.240000;1213.573412
-113202.720000;1214.439131
-113233.200000;1215.304847
-113263.680000;1216.170558
-113294.160000;1217.036266
-113324.640000;1217.747784
-113355.120000;1218.397352
-113385.600000;1218.968865
-113416.080000;1219.408351
-113446.560000;1219.873019
-113477.040000;1220.743123
-113507.520000;1221.613219
-113538.000000;1223.282853
-113568.480000;1225.242077
-113598.960000;1227.205085
-113629.440000;1229.171870
-113659.920000;1231.142428
-113690.400000;1233.116754
-113720.880000;1235.094843
-113751.360000;1236.195875
-113781.840000;1237.027341
-113812.320000;1238.067584
-113842.800000;1239.372601
-113873.280000;1240.700868
-113903.760000;1242.189021
-113934.240000;1243.673408
-113964.720000;1245.154035
-113995.200000;1246.630906
-114025.680000;1248.395922
-114056.160000;1250.469061
-114086.640000;1252.507333
-114117.120000;1254.395535
-114147.600000;1256.280012
-114178.080000;1258.602804
-114208.560000;1261.014831
-114239.040000;1263.790145
-114269.520000;1266.910867
-114300.000000;1269.737804
-114330.480000;1271.307744
-114360.960000;1272.881385
-114391.440000;1272.851699
-114421.920000;1272.579760
-114452.400000;1272.304119
-114482.880000;1272.024780
-114513.360000;1271.708677
-114543.840000;1271.278040
-114574.320000;1270.847402
-114604.800000;1270.416765
-114635.280000;1269.986127
-114665.760000;1269.555489
-114696.240000;1269.124851
-114726.720000;1268.694213
-114757.200000;1268.263575
-114787.680000;1267.832937
-114818.160000;1266.998494
-114848.640000;1266.137217
-114879.120000;1265.541022
-114909.600000;1265.110383
-114940.080000;1264.679744
-114970.560000;1264.249105
-115001.040000;1263.818466
-115031.520000;1263.387827
-115062.000000;1262.957188
-115092.480000;1262.246994
-115122.960000;1261.385715
-115153.440000;1260.524436
-115183.920000;1259.663157
-115214.400000;1258.801877
-115244.880000;1257.940598
-115275.360000;1257.079318
-115305.840000;1256.218038
-115336.320000;1255.356757
-115366.800000;1254.529821
-115397.280000;1253.761324
-115427.760000;1253.035492
-115458.240000;1253.461973
-115488.720000;1253.888457
-115519.200000;1254.870175
-115549.680000;1256.074747
-115580.160000;1257.145700
-115610.640000;1258.006983
-115641.120000;1258.868265
-115671.600000;1259.729548
-115702.080000;1260.590831
-115732.560000;1261.396760
-115763.040000;1262.187349
-115793.520000;1263.011546
-115824.000000;1263.876942
-115854.480000;1264.703822
-115884.960000;1265.203326
-115915.440000;1265.699295
-115945.920000;1266.432970
-115976.400000;1267.235983
-116006.880000;1267.870456
-116037.360000;1268.305184
-116067.840000;1268.739907
-116098.320000;1269.174626
-116128.800000;1269.609342
-116159.280000;1270.044054
-116189.760000;1270.478762
-116220.240000;1270.722773
-116250.720000;1270.769832
-116281.200000;1270.880674
-116311.680000;1271.311318
-116342.160000;1271.741961
-116372.640000;1272.172605
-116403.120000;1272.603249
-116433.600000;1272.806104
-116464.080000;1272.806104
-116494.560000;1272.895181
-116525.040000;1273.325825
-116555.520000;1273.756470
-116586.000000;1273.806104
-116616.480000;1273.806104
-116646.960000;1274.048403
-116677.440000;1274.479048
-116707.920000;1274.806104
-116738.400000;1274.806104
-116768.880000;1274.806104
-116799.360000;1274.806104
-116829.840000;1274.806104
-116860.320000;1274.806104
-116890.800000;1274.806104
-116921.280000;1274.806104
-116951.760000;1274.806104
-116982.240000;1274.806104
-117012.720000;1274.396061
-117043.200000;1273.967278
-117073.680000;1273.810596
-117104.160000;1273.809117
-117134.640000;1273.806104
-117165.120000;1273.806104
-117195.600000;1273.806104
-117226.080000;1273.381537
-117256.560000;1272.950890
-117287.040000;1272.529877
-117317.520000;1272.116550
-117348.000000;1271.700481
-117378.480000;1271.273744
-117408.960000;1270.847003
-117439.440000;1270.420257
-117469.920000;1269.993507
-117500.400000;1269.284699
-117530.880000;1268.456424
-117561.360000;1267.642618
-117591.840000;1266.852955
-117622.320000;1266.043463
-117652.800000;1264.767015
-117683.280000;1263.490550
-117713.760000;1261.871372
-117744.240000;1260.123371
-117774.720000;1258.388932
-117805.200000;1256.677900
-117835.680000;1254.925450
-117866.160000;1252.737325
-117896.640000;1250.545878
-117927.120000;1248.389049
-117957.600000;1246.243473
-117988.080000;1243.907124
-118018.560000;1241.330882
-118049.040000;1238.716152
-118079.520000;1235.825285
-118110.000000;1232.940979
-118140.480000;1230.358422
-118170.960000;1227.853804
-118201.440000;1225.496365
-118231.920000;1223.295310
-118262.400000;1221.045285
-118292.880000;1218.546084
-118323.360000;1216.050127
-118353.840000;1213.557409
-118384.320000;1211.067926
-118414.800000;1208.400509
-118445.280000;1205.565078
-118475.760000;1202.868638
-118506.240000;1200.745486
-118536.720000;1198.622301
-118567.200000;1197.991538
-118597.680000;1197.590892
-118628.160000;1197.047937
-118658.640000;1196.378377
-118689.120000;1196.142244
-118719.600000;1197.452872
-118750.080000;1198.763481
-118780.560000;1200.763743
-118811.040000;1202.837399
-118841.520000;1204.850961
-118872.000000;1206.817281
-118902.480000;1208.634667
-118932.960000;1210.037615
-118963.440000;1211.443743
-118993.920000;1213.056607
-119024.400000;1214.680867
-119054.880000;1216.105430
-119085.360000;1217.404762
-119115.840000;1218.736760
-119146.320000;1220.150832
-119176.800000;1221.568060
-119207.280000;1222.874759
-119237.760000;1224.177719
-119268.240000;1225.558560
-119298.720000;1226.984708
-119329.200000;1228.413990
-119359.680000;1229.846403
-119390.160000;1231.282452
-119420.640000;1233.023283
-119451.120000;1234.764094
-119481.600000;1236.504885
-119512.080000;1238.245658
-119542.560000;1239.986410
-119573.040000;1241.727143
-119603.520000;1243.483157
-119634.000000;1245.654505
-119664.480000;1247.825834
-119694.960000;1249.895457
-119725.440000;1251.921564
-119755.920000;1253.721415
-119786.400000;1255.175541
-119816.880000;1256.641987
-119847.360000;1258.232172
-119877.840000;1259.819251
-119908.320000;1261.725075
-119938.800000;1263.736612
-119969.280000;1265.795157
-119999.760000;1267.913936
-120030.240000;1269.939504
-120060.720000;1271.231470
-120091.200000;1272.523437
-120121.680000;1272.597863
-120152.160000;1272.334023
-120182.640000;1271.952239
-120213.120000;1271.433213
-120243.600000;1270.955990
-120274.080000;1270.707855
-120304.560000;1270.462747
-120335.040000;1270.429245
-120365.520000;1270.443325
-120396.000000;1270.545047
-120426.480000;1270.739138
-120456.960000;1270.978963
-120487.440000;1271.427141
-120517.920000;1271.875299
-120548.400000;1272.480779
-120578.880000;1273.117008
-120609.360000;1273.983156
-120639.840000;1275.056003
-120670.320000;1276.092615
-120700.800000;1276.978264
-120731.280000;1277.863886
-120761.760000;1278.542146
-120792.240000;1279.195685
-120822.720000;1279.016063
-120853.200000;1278.182399
-120883.680000;1277.094805
-120914.160000;1275.196142
-120944.640000;1273.294480
-120975.120000;1271.373141
-121005.600000;1269.452973
-121036.080000;1267.543036
-121066.560000;1265.636288
-121097.040000;1263.842281
-121127.520000;1262.357606
-121158.000000;1260.875845
-121188.480000;1259.396994
-121218.960000;1257.921047
-121249.440000;1256.172014
-121279.920000;1254.258111
-121310.400000;1252.209174
-121340.880000;1249.858696
-121371.360000;1247.505266
-121401.840000;1244.925577
-121432.320000;1242.336578
-121462.800000;1239.893946
-121493.280000;1237.525392
-121523.760000;1235.233148
-121554.240000;1233.093309
-121584.720000;1230.953453
-121615.200000;1228.813582
-121645.680000;1226.673694
-121676.160000;1224.666713
-121706.640000;1222.715170
-121737.120000;1220.781252
-121767.600000;1218.882654
-121798.080000;1216.983735
-121828.560000;1215.027310
-121859.040000;1213.068005
-121889.520000;1210.973764
-121920.000000;1208.830412
-121950.480000;1206.790297
-121980.960000;1204.901670
-122011.440000;1202.993766
-122041.920000;1200.853666
-122072.400000;1198.713549
-122102.880000;1196.442833
-122133.360000;1194.134373
-122163.840000;1191.638164
-122194.320000;1188.904662
-122224.800000;1186.173962
-122255.280000;1183.446058
-122285.760000;1180.720947
-122316.240000;1177.870124
-122346.720000;1174.992176
-122377.200000;1172.065293
-122407.680000;1169.079941
-122438.160000;1166.294110
-122468.640000;1164.600673
-122499.120000;1162.907199
-122529.600000;1162.647714
-122560.080000;1162.676818
-122590.560000;1163.221275
-122621.040000;1164.257884
-122651.520000;1165.426565
-122682.000000;1167.174960
-122712.480000;1168.923323
-122742.960000;1171.417947
-122773.440000;1174.027573
-122803.920000;1176.243717
-122834.400000;1178.128489
-122864.880000;1179.950014
-122895.360000;1181.560769
-122925.840000;1183.174241
-122956.320000;1184.521306
-122986.800000;1185.838722
-123017.280000;1187.479877
-123047.760000;1189.354795
-123078.240000;1191.084114
-123108.720000;1192.398241
-123139.200000;1193.712342
-123169.680000;1194.852446
-123200.160000;1195.975072
-123230.640000;1196.945832
-123261.120000;1197.822873
-123291.600000;1198.699893
-123322.080000;1199.576895
-123352.560000;1200.453876
-123383.040000;1201.330838
-123413.520000;1202.207780
-123444.000000;1202.806284
-123474.480000;1203.252521
-123504.960000;1203.698739
-123535.440000;1204.144937
-123565.920000;1204.590036
-123596.400000;1204.605529
-123626.880000;1204.621002
-123657.360000;1204.860972
-123687.840000;1205.208559
-123718.320000;1205.439542
-123748.800000;1205.458015
-123779.280000;1205.460725
-123809.760000;1205.048484
-123840.240000;1204.636219
-123870.720000;1204.466301
-123901.200000;1204.395436
-123931.680000;1204.123233
-123962.160000;1203.539896
-123992.640000;1202.943550
-124023.120000;1202.109603
-124053.600000;1201.275621
-124084.080000;1200.640796
-124114.560000;1200.077392
-124145.040000;1199.519164
-124175.520000;1198.966102
-124206.000000;1198.532527
-124236.480000;1199.078036
-124266.960000;1199.620900
-124297.440000;1200.835260
-124327.920000;1202.234183
-124358.400000;1203.630477
-124388.880000;1205.024147
-124419.360000;1206.405762
-124449.840000;1207.727637
-124480.320000;1209.049473
-124510.800000;1210.318858
-124541.280000;1211.578771
-124571.760000;1212.871684
-124602.240000;1214.196329
-124632.720000;1215.500523
-124663.200000;1216.709957
-124693.680000;1217.924439
-124724.160000;1217.950717
-124754.640000;1217.777480
-124785.120000;1217.042551
-124815.600000;1215.800518
-124846.080000;1214.521221
-124876.560000;1213.091620
-124907.040000;1211.649345
-124937.520000;1210.493418
-124968.000000;1209.368502
-124998.480000;1208.211311
-125028.960000;1207.029341
-125059.440000;1205.842327
-125089.920000;1204.650280
-125120.400000;1203.453211
-125150.880000;1202.577759
-125181.360000;1201.730879
-125211.840000;1200.668814
-125242.320000;1199.457525
-125272.800000;1198.341750
-125303.280000;1197.489039
-125333.760000;1196.636315
-125364.240000;1195.811163
-125394.720000;1194.984946
-125425.200000;1194.139547
-125455.680000;1193.283920
-125486.160000;1192.428284
-125516.640000;1191.572640
-125547.120000;1190.716988
-125577.600000;1189.881409
-125608.080000;1189.043656
-125638.560000;1188.478043
-125669.040000;1188.050201
-125699.520000;1187.474519
-125730.000000;1186.615998
-125760.480000;1185.766650
-125790.960000;1185.338792
-125821.440000;1184.910929
-125851.920000;1184.188455
-125882.400000;1183.337275
-125912.880000;1182.643572
-125943.360000;1182.212901
-125973.840000;1181.781975
-126004.320000;1181.347973
-126034.800000;1180.916365
-126065.280000;1180.487884
-126095.760000;1180.059545
-126126.240000;1179.628873
-126156.720000;1179.198202
-126187.200000;1178.767530
-126217.680000;1178.336858
-126248.160000;1177.906186
-126278.640000;1177.144925
-126309.120000;1176.283581
-126339.600000;1175.614171
-126370.080000;1175.183499
-126400.560000;1174.752826
-126431.040000;1174.322154
-126461.520000;1173.891482
-126492.000000;1173.460810
-126522.480000;1173.030137
-126552.960000;1172.599465
-126583.440000;1172.168792
-126613.920000;1171.738119
-126644.400000;1171.307447
-126674.880000;1170.876774
-126705.360000;1170.426280
-126735.840000;1169.969770
-126766.320000;1169.316352
-126796.800000;1168.480099
-126827.280000;1167.717969
-126857.760000;1167.257589
-126888.240000;1166.794912
-126918.720000;1166.302287
-126949.200000;1165.801101
-126979.680000;1165.494054
-127010.160000;1165.342727
-127040.640000;1165.223403
-127071.120000;1165.242639
-127101.600000;1165.264178
-127132.080000;1165.078387
-127162.560000;1164.883486
-127193.040000;1165.056882
-127223.520000;1165.487556
-127254.000000;1165.783039
-127284.480000;1165.691607
-127314.960000;1165.595673
-127345.440000;1164.821159
-127375.920000;1164.004447
-127406.400000;1163.159211
-127436.880000;1162.295264
-127467.360000;1161.527448
-127497.840000;1160.986995
-127528.320000;1160.442093
-127558.800000;1160.054662
-127589.280000;1159.673935
-127619.760000;1159.893424
-127650.240000;1160.438033
-127680.720000;1160.825801
-127711.200000;1160.887189
-127741.680000;1160.950779
-127772.160000;1161.016567
-127802.640000;1161.084547
-127833.120000;1161.404857
-127863.600000;1161.840616
-127894.080000;1162.251832
-127924.560000;1162.618479
-127955.040000;1162.968152
-127985.520000;1162.970678
-128016.000000;1162.973200
-128046.480000;1163.232867
-128076.960000;1163.591147
-128107.440000;1163.806104
-128137.920000;1163.806104
-128168.400000;1163.811921
-128198.880000;1163.890447
-128229.360000;1163.971121
-128259.840000;1164.317640
-128290.320000;1164.750802
-128320.800000;1165.183961
-128351.280000;1165.617116
-128381.760000;1165.965325
-128412.240000;1165.623164
-128442.720000;1165.283124
-128473.200000;1164.945198
-128503.680000;1164.609382
-128534.160000;1164.909749
-128564.640000;1165.933988
-128595.120000;1166.744255
-128625.600000;1166.313578
-128656.080000;1165.882901
-128686.560000;1165.727693
-128717.040000;1165.630359
-128747.520000;1165.364437
-128778.000000;1164.931337
-128808.480000;1164.515954
-128838.960000;1164.183691
-128869.440000;1163.853508
-128899.920000;1163.718186
-128930.400000;1163.613546
-128960.880000;1163.332820
-128991.360000;1162.899747
-129021.840000;1162.558011
-129052.320000;1162.555624
-129082.800000;1162.553241
-129113.280000;1162.648713
-129143.760000;1162.758199
-129174.240000;1162.806104
-129204.720000;1162.806104
-129235.200000;1162.728106
-129265.680000;1162.412702
-129296.160000;1162.099326
-129326.640000;1162.077886
-129357.120000;1162.080233
-129387.600000;1162.010840
-129418.080000;1161.892494
-129448.560000;1161.806104
-129479.040000;1161.806104
-129509.520000;1161.806104
-129540.000000;1161.806104
-129570.480000;1161.806104
-129600.960000;1161.806104
-129631.440000;1161.806104
-129661.920000;1161.806104
-129692.400000;1161.806104
-129722.880000;1161.806104
-129753.360000;1161.806104
-129783.840000;1161.806104
-129814.320000;1161.806104
-129844.800000;1161.806104
-129875.280000;1161.758986
-129905.760000;1161.622679
-129936.240000;1161.491853
-129966.720000;1161.627532
-129997.200000;1161.765163
-130027.680000;1161.806104
-130058.160000;1161.806104
-130088.640000;1161.806104
-130119.120000;1161.806104
-130149.600000;1161.806104
-130180.080000;1161.806104
-130210.560000;1161.806104
-130241.040000;1161.806104
-130271.520000;1161.806104
-130302.000000;1161.744070
-130332.480000;1161.594165
-130362.960000;1161.456751
-130393.440000;1161.454539
-130423.920000;1161.452331
-130454.400000;1161.354134
-130484.880000;1161.231239
-130515.360000;1161.290958
-130545.840000;1161.567255
-130576.320000;1161.918059
-130606.800000;1162.779421
-130637.280000;1163.640783
-130667.760000;1164.154124
-130698.240000;1164.584805
-130728.720000;1164.806104
-130759.200000;1164.806104
-130789.680000;1164.735359
-130820.160000;1164.304678
-130850.640000;1163.873997
-130881.120000;1163.443316
-130911.600000;1163.012634
-130942.080000;1162.806104
-130972.560000;1162.806104
-131003.040000;1162.720590
-131033.520000;1162.289908
-131064.000000;1161.859227
-131094.480000;1161.654574
-131124.960000;1161.480013
-131155.440000;1161.258512
-131185.920000;1161.001804
-131216.400000;1160.806104
-131246.880000;1160.806104
-131277.360000;1160.806104
-131307.840000;1160.642865
-131338.320000;1160.461951
-131368.800000;1160.385858
-131399.280000;1160.383778
-131429.760000;1160.381701
-131460.240000;1160.379628
-131490.720000;1160.377560
-131521.200000;1160.375495
-131551.680000;1160.373434
-131582.160000;1160.371377
-131612.640000;1160.369324
-131643.120000;1160.237437
-131673.600000;1159.804709
-131704.080000;1159.371986
-131734.560000;1159.361153
-131765.040000;1159.359120
-131795.520000;1159.073838
-131826.000000;1158.641130
-131856.480000;1158.353045
-131886.960000;1158.351028
-131917.440000;1158.349015
-131947.920000;1158.347006
-131978.400000;1158.345001
-132008.880000;1158.182986
-132039.360000;1157.951212
-132069.840000;1157.806104
-132100.320000;1157.806104
-132130.800000;1157.796321
-132161.280000;1157.592545
-132191.760000;1157.387065
-132222.240000;1157.165499
-132252.720000;1156.939747
-132283.200000;1156.806104
-132313.680000;1156.806104
-132344.160000;1156.770550
-132374.640000;1156.339866
-132405.120000;1155.909182
-132435.600000;1155.806104
-132466.080000;1155.806104
-132496.560000;1155.808152
-132527.040000;1155.810423
-132557.520000;1155.884805
-132588.000000;1156.526724
-132618.480000;1157.166996
-132648.960000;1158.150903
-132679.440000;1159.225165
-132709.920000;1160.401328
-132740.400000;1161.689570
-132770.880000;1162.977820
-132801.360000;1164.266078
-132831.840000;1165.554345
-132862.320000;1166.830102
-132892.800000;1168.100320
-132923.280000;1169.262683
-132953.760000;1170.321495
-132984.240000;1171.378710
-133014.720000;1172.434333
-133045.200000;1173.488370
-133075.680000;1174.343437
-133106.160000;1175.164285
-133136.640000;1176.106657
-133167.120000;1177.152547
-133197.600000;1178.707031
-133228.080000;1182.066518
-133258.560000;1185.419709
-133289.040000;1188.060467
-133319.520000;1190.620787
-133350.000000;1193.045369
-133380.480000;1195.368878
-133410.960000;1197.702013
-133441.440000;1200.068268
-133471.920000;1202.436138
-133502.400000;1205.207193
-133532.880000;1208.008963
-133563.360000;1210.928057
-133593.840000;1213.921326
-133624.320000;1216.914642
-133654.800000;1219.908006
-133685.280000;1222.901419
-133715.760000;1226.131723
-133746.240000;1229.371718
-133776.720000;1232.573085
-133807.200000;1235.751380
-133837.680000;1238.810200
-133868.160000;1241.622247
-133898.640000;1244.432404
-133929.120000;1244.232759
-133959.600000;1244.034663
-133990.080000;1243.545558
-134020.560000;1242.919856
-134051.040000;1242.078364
-134081.520000;1240.848657
-134112.000000;1239.637257
-134142.480000;1238.844245
-134172.960000;1238.054221
-134203.440000;1237.574534
-134233.920000;1237.221143
-134264.400000;1237.039442
-134294.880000;1237.122644
-134325.360000;1237.220719
-134355.840000;1237.479748
-134386.320000;1237.740238
-134416.800000;1238.324348
-134447.280000;1239.018430
-134477.760000;1239.713958
-134508.240000;1240.410925
-134538.720000;1241.047136
-134569.200000;1241.151404
-134599.680000;1241.258528
-134630.160000;1239.090764
-134660.640000;1236.294946
-134691.120000;1232.092909
-134721.600000;1226.237523
-134752.080000;1220.336127
-134782.560000;1214.158101
-134813.040000;1207.981455
-134843.520000;1202.991064
-134874.000000;1198.266519
-134904.480000;1195.460408
-134934.960000;1194.611988
-134965.440000;1193.492341
-134995.920000;1191.076066
-135026.400000;1188.658374
-135056.880000;1185.139465
-135087.360000;1181.426893
-135117.840000;1177.712919
-135148.320000;1173.997549
-135178.800000;1170.191434
-135209.280000;1166.042600
-135239.760000;1161.892385
-135270.240000;1157.990337
-135300.720000;1154.120430
-135331.200000;1150.090896
-135361.680000;1145.936774
-135392.160000;1141.677122
-135422.640000;1137.089599
-135453.120000;1132.500727
-135483.600000;1127.779622
-135514.080000;1123.043245
-135544.560000;1118.560498
-135575.040000;1114.246858
-135605.520000;1111.081721
-135636.000000;1110.934890
-135666.480000;1110.789386
-135696.960000;1110.645206
-135727.440000;1110.502344
-135757.920000;1110.360794
-135788.400000;1110.220552
-135818.880000;1109.990362
-135849.360000;1109.558173
-135879.840000;1109.125988
-135910.320000;1107.975598
-135940.800000;1106.815824
-135971.280000;1104.882233
-136001.760000;1102.560565
-136032.240000;1100.888081
-136062.720000;1100.451503
-136093.200000;1100.068916
-136123.680000;1101.955323
-136154.160000;1103.844262
-136184.640000;1105.524366
-136215.120000;1107.115933
-136245.600000;1108.430454
-136276.080000;1109.290388
-136306.560000;1110.118172
-136337.040000;1110.421222
-136367.520000;1110.725509
-136398.000000;1110.806104
-136428.480000;1110.806104
-136458.960000;1110.806104
-136489.440000;1110.806104
-136519.920000;1110.794816
-136550.400000;1110.672915
-136580.880000;1110.552224
-136611.360000;1110.194008
-136641.840000;1109.764715
-136672.320000;1109.335418
-136702.800000;1108.906117
-136733.280000;1108.422317
-136763.760000;1107.562318
-136794.240000;1106.702315
-136824.720000;1105.748504
-136855.200000;1104.772982
-136885.680000;1104.270237
-136916.160000;1104.272959
-136946.640000;1104.363384
-136977.120000;1104.910330
-137007.600000;1105.456105
-137038.080000;1106.267727
-137068.560000;1107.130449
-137099.040000;1108.381135
-137129.520000;1109.994771
-137160.000000;1111.188759
-137190.480000;1110.651218
-137220.960000;1110.114806
-137251.440000;1108.640350
-137281.920000;1107.028943
-137312.400000;1105.594786
-137342.880000;1104.305325
-137373.360000;1103.114847
-137403.840000;1102.256060
-137434.320000;1101.397265
-137464.800000;1100.538462
-137495.280000;1099.679651
-137525.760000;1099.012643
-137556.240000;1098.481932
-137586.720000;1097.979359
-137617.200000;1097.552476
-137647.680000;1097.125581
-137678.160000;1096.603758
-137708.640000;1096.077177
-137739.120000;1095.613494
-137769.600000;1095.187801
-137800.080000;1094.960535
-137830.560000;1095.200466
-137861.040000;1095.442512
-137891.520000;1094.193145
-137922.000000;1092.908449
-137952.480000;1090.620884
-137982.960000;1087.803436
-138013.440000;1084.952265
-138043.920000;1082.036434
-138074.400000;1079.114659
-138104.880000;1075.766026
-138135.360000;1072.416347
-138165.840000;1069.532328
-138196.320000;1066.859181
-138226.800000;1064.062246
-138257.280000;1061.050962
-138287.760000;1058.070858
-138318.240000;1055.741579
-138348.720000;1053.414310
-138379.200000;1051.089041
-138409.680000;1048.765762
-138440.160000;1046.755574
-138470.640000;1045.210639
-138501.120000;1043.668655
-138531.600000;1042.129609
-138562.080000;1040.593484
-138592.560000;1038.008674
-138623.040000;1035.084032
-138653.520000;1034.602024
-138684.000000;1037.277622
-138714.480000;1040.051048
-138744.960000;1043.586041
-138775.440000;1047.120047
-138805.920000;1050.376452
-138836.400000;1053.558766
-138866.880000;1056.498195
-138897.360000;1059.165818
-138927.840000;1061.872897
-138958.320000;1064.810560
-138988.800000;1067.749154
-139019.280000;1070.105906
-139049.760000;1072.340268
-139080.240000;1074.316756
-139110.720000;1076.041675
-139141.200000;1077.766586
-139171.680000;1079.491489
-139202.160000;1081.216384
-139232.640000;1082.198906
-139263.120000;1083.062401
-139293.600000;1083.733479
-139324.080000;1084.239941
-139354.560000;1084.823423
-139385.040000;1085.685847
-139415.520000;1086.548267
-139446.000000;1087.089306
-139476.480000;1087.592320
-139506.960000;1088.300937
-139537.440000;1089.162322
-139567.920000;1090.132510
-139598.400000;1091.424588
-139628.880000;1092.716667
-139659.360000;1094.409626
-139689.840000;1096.132398
-139720.320000;1097.896708
-139750.800000;1099.687008
-139781.280000;1101.457119
-139811.760000;1103.178908
-139842.240000;1104.900701
-139872.720000;1106.974428
-139903.200000;1109.061646
-139933.680000;1110.872583
-139964.160000;1112.530774
-139994.640000;1114.189791
-140025.120000;1115.849628
-140055.600000;1117.510280
-140086.080000;1119.539135
-140116.560000;1121.569702
-140147.040000;1123.309905
-140177.520000;1124.912982
-140208.000000;1126.539575
-140238.480000;1128.206864
-140268.960000;1129.820112
-140299.440000;1129.886932
-140329.920000;1129.952936
-140360.400000;1129.055191
-140390.880000;1127.768556
-140421.360000;1126.336663
-140451.840000;1124.677578
-140482.320000;1123.043307
-140512.800000;1121.755685
-140543.280000;1120.468042
-140573.760000;1119.222885
-140604.240000;1117.991452
-140634.720000;1116.576180
-140665.200000;1114.912512
-140695.680000;1113.331269
-140726.160000;1112.472473
-140756.640000;1111.613665
-140787.120000;1110.460735
-140817.600000;1109.224850
-140848.080000;1107.963610
-140878.560000;1106.673217
-140909.040000;1105.442125
-140939.520000;1104.582409
-140970.000000;1103.722685
-141000.480000;1102.905185
-141030.960000;1102.096563
-141061.440000;1101.262005
-141091.920000;1100.401433
-141122.400000;1099.540857
-141152.880000;1098.680277
-141183.360000;1097.819694
-141213.840000;1096.959106
-141244.320000;1096.098514
-141274.800000;1095.465555
-141305.280000;1095.035649
-141335.760000;1094.516714
-141366.240000;1093.656105
-141396.720000;1092.795493
-141427.200000;1091.976422
-141457.680000;1091.162128
-141488.160000;1090.563607
-141518.640000;1090.132913
-141549.120000;1089.702218
-141579.600000;1089.271524
-141610.080000;1088.840830
-141640.560000;1088.765036
-141671.040000;1088.720979
-141701.520000;1088.472821
-141732.000000;1088.086388
-141762.480000;1087.687358
-141792.960000;1087.256663
-141823.440000;1086.825969
-141853.920000;1086.765590
-141884.400000;1086.723717
-141914.880000;1086.463150
-141945.360000;1086.074525
-141975.840000;1085.672496
-142006.320000;1085.241802
-142036.800000;1084.811107
-142067.280000;1084.766213
-142097.760000;1084.726439
-142128.240000;1084.453190
-142158.720000;1084.062458
-142189.200000;1083.657634
-142219.680000;1083.226939
-142250.160000;1082.796245
-142280.640000;1082.365550
-142311.120000;1081.934855
-142341.600000;1081.779627
-142372.080000;1081.742335
-142402.560000;1081.556376
-142433.040000;1081.126322
-142463.520000;1080.698369
-142494.000000;1080.304678
-142524.480000;1079.910442
-142554.960000;1079.489297
-142585.440000;1079.058602
-142615.920000;1078.464321
-142646.400000;1077.637871
-142676.880000;1076.810897
-142707.360000;1075.983403
-142737.840000;1075.155396
-142768.320000;1074.632362
-142798.800000;1074.200480
-142829.280000;1073.961668
-142859.760000;1073.960497
-142890.240000;1074.005442
-142920.720000;1074.369547
-142951.200000;1074.734647
-142981.680000;1074.806104
-143012.160000;1074.806104
-143042.640000;1074.806104
-143073.120000;1074.806104
-143103.600000;1074.736787
-143134.080000;1074.306092
-143164.560000;1073.875396
-143195.040000;1073.780437
-143225.520000;1073.750275
-143256.000000;1073.513363
-143286.480000;1073.083197
-143316.960000;1072.568844
-143347.440000;1071.707975
-143377.920000;1070.847103
-143408.400000;1069.960888
-143438.880000;1069.071416
-143469.360000;1068.657694
-143499.840000;1068.630468
-143530.320000;1068.907284
-143560.800000;1070.200852
-143591.280000;1071.494407
-143621.760000;1072.030654
-143652.240000;1072.489901
-143682.720000;1072.696198
-143713.200000;1072.723911
-143743.680000;1072.744154
-143774.160000;1072.744620
-143804.640000;1072.745082
-143835.120000;1072.364125
-143865.600000;1071.959588
-143896.080000;1071.538709
-143926.560000;1071.108013
-143957.040000;1070.806104
-143987.520000;1070.806104
-144018.000000;1070.806104
-144048.480000;1070.385231
-144078.960000;1069.954536
-144109.440000;1069.523840
-144139.920000;1069.093144
-144170.400000;1068.662449
-144200.880000;1068.231753
-144231.360000;1067.805826
-144261.840000;1067.782327
-144292.320000;1067.759170
-144322.800000;1067.439219
-144353.280000;1066.986038
-144383.760000;1066.391463
-144414.240000;1065.553437
-144444.720000;1064.733953
-144475.200000;1064.303632
-144505.680000;1063.873306
-144536.160000;1063.739029
-144566.640000;1063.717643
-144597.120000;1063.696560
-144627.600000;1063.675775
-144658.080000;1063.657013
-144688.560000;1063.658054
-144719.040000;1063.659082
-144749.520000;1063.986971
-144780.000000;1064.418671
-144810.480000;1065.047661
-144840.960000;1065.930506
-144871.440000;1066.664094
-144901.920000;1066.254277
-144932.400000;1065.844182
-144962.880000;1065.417953
-144993.360000;1064.987564
-145023.840000;1064.363340
-145054.320000;1063.521782
-145084.800000;1062.806104
-145115.280000;1062.806104
-145145.760000;1062.806104
-145176.240000;1062.790291
-145206.720000;1062.771413
-145237.200000;1062.762316
-145267.680000;1062.762587
-145298.160000;1062.762854
-145328.640000;1062.763118
-145359.120000;1062.763377
-145389.600000;1062.779410
-145420.080000;1062.797752
-145450.560000;1062.806104
-145481.040000;1062.806104
-145511.520000;1062.900373
-145542.000000;1063.331069
-145572.480000;1063.761765
-145602.960000;1063.419747
-145633.440000;1062.989051
-145663.920000;1062.806104
-145694.400000;1062.806104
-145724.880000;1062.801746
-145755.360000;1062.784663
-145785.840000;1062.767754
-145816.320000;1062.782563
-145846.800000;1062.799529
-145877.280000;1063.068724
-145907.760000;1063.499420
-145938.240000;1063.562860
-145968.720000;1062.717974
-145999.200000;1061.872938
-146029.680000;1060.195554
-146060.160000;1058.488838
-146090.640000;1056.216542
-146121.120000;1053.632046
-146151.600000;1051.042366
-146182.080000;1048.441873
-146212.560000;1045.842888
-146243.040000;1045.380230
-146273.520000;1044.917818
-146304.000000;1045.938903
-146334.480000;1047.661819
-146364.960000;1049.544085
-146395.440000;1051.713295
-146425.920000;1053.852099
-146456.400000;1055.159709
-146486.880000;1056.467221
-146517.360000;1057.467405
-146547.840000;1058.344044
-146578.320000;1059.220601
-146608.800000;1060.097083
-146639.280000;1060.883428
-146669.760000;1060.467685
-146700.240000;1060.051882
-146730.720000;1060.879143
-146761.200000;1062.125649
-146791.680000;1063.378782
-146822.160000;1064.640715
-146852.640000;1065.771211
-146883.120000;1065.771271
-146913.600000;1065.771328
-146944.080000;1065.446099
-146974.560000;1065.030369
-147005.040000;1064.614599
-147035.520000;1064.198792
-147066.000000;1063.840657
-147096.480000;1063.840625
-147126.960000;1063.840596
-147157.440000;1063.840571
-147187.920000;1063.840551
-147218.400000;1063.840534
-147248.880000;1063.840521
-147279.360000;1063.765872
-147309.840000;1063.335172
-147340.320000;1062.904475
-147370.800000;1062.840510
-147401.280000;1062.840517
-147431.760000;1062.612408
-147462.240000;1062.181727
-147492.720000;1061.751050
-147523.200000;1061.320377
-147553.680000;1060.889708
-147584.160000;1060.459043
-147614.640000;1060.028381
-147645.120000;1059.597724
-147675.600000;1059.167071
-147706.080000;1058.736422
-147736.560000;1058.305777
-147767.040000;1057.875136
-147797.520000;1057.444498
-147828.000000;1057.013865
-147858.480000;1056.574211
-147888.960000;1056.128463
-147919.440000;1055.686845
-147949.920000;1055.256149
-147980.400000;1054.825453
-148010.880000;1054.394757
-148041.360000;1053.964061
-148071.840000;1053.533365
-148102.320000;1053.102669
-148132.800000;1052.671973
-148163.280000;1052.241277
-148193.760000;1051.810581
-148224.240000;1051.364494
-148254.720000;1050.918144
-148285.200000;1050.482141
-148315.680000;1050.051319
-148346.160000;1049.476944
-148376.640000;1048.631262
-148407.120000;1047.795325
-148437.600000;1047.348682
-148468.080000;1046.901912
-148498.560000;1046.455012
-148529.040000;1046.007975
-148559.520000;1045.403087
-148590.000000;1044.541371
-148620.480000;1043.703955
-148650.960000;1043.256491
-148681.440000;1042.808870
-148711.920000;1042.055942
-148742.400000;1041.194003
-148772.880000;1040.503856
-148803.360000;1040.055741
-148833.840000;1039.649161
-148864.320000;1039.648368
-148894.800000;1039.647560
-148925.280000;1040.324429
-148955.760000;1041.202301
-148986.240000;1041.886723
-149016.720000;1042.334243
-149047.200000;1042.779704
-149077.680000;1043.209949
-149108.160000;1043.640185
-149138.640000;1044.084781
-149169.120000;1044.533015
-149199.600000;1045.181212
-149230.080000;1046.042358
-149260.560000;1046.766694
-149291.040000;1046.784817
-149321.520000;1046.803157
-149352.000000;1047.530046
-149382.480000;1048.391438
-149412.960000;1049.039223
-149443.440000;1049.488910
-149473.920000;1050.019843
-149504.400000;1050.881516
-149534.880000;1051.743194
-149565.360000;1052.587884
-149595.840000;1053.429914
-149626.320000;1054.293454
-149656.800000;1055.174720
-149687.280000;1056.146654
-149717.760000;1057.418952
-149748.240000;1058.690984
-149778.720000;1059.608028
-149809.200000;1060.490024
-149839.680000;1061.348068
-149870.160000;1062.188945
-149900.640000;1062.582669
-149931.120000;1061.742364
-149961.600000;1060.902354
-149992.080000;1058.883193
-150022.560000;1056.794973
-150053.040000;1054.975649
-150083.520000;1053.319983
-150114.000000;1052.285721
-150144.480000;1052.696812
-150174.960000;1053.107612
-150205.440000;1054.339072
-150235.920000;1055.587912
-150266.400000;1056.583166
-150296.880000;1057.446097
-150327.360000;1057.739834
-150357.840000;1056.903333
-150388.320000;1056.083765
-150418.800000;1056.516465
-150449.280000;1056.949185
-150479.760000;1056.191070
-150510.240000;1054.901047
-150540.720000;1053.442958
-150571.200000;1051.697718
-150601.680000;1049.953306
-150632.160000;1048.232239
-150662.640000;1046.511187
-150693.120000;1045.415317
-150723.600000;1044.555689
-150754.080000;1043.522103
-150784.560000;1042.231811
-150815.040000;1040.976899
-150845.520000;1040.117334
-150876.000000;1039.257786
-150906.480000;1038.725703
-150936.960000;1038.296882
-150967.440000;1037.868076
-150997.920000;1037.439287
-151028.400000;1036.963478
-151058.880000;1036.131676
-151089.360000;1035.300311
-151119.840000;1035.109438
-151150.320000;1035.083486
-151180.800000;1034.893822
-151211.280000;1034.522741
-151241.760000;1034.269641
-151272.240000;1034.674241
-151302.720000;1035.078420
-151333.200000;1035.174052
-151363.680000;1035.206668
-151394.160000;1035.443093
-151424.640000;1035.876981
-151455.120000;1036.390858
-151485.600000;1037.255489
-151516.080000;1038.120144
-151546.560000;1036.833361
-151577.040000;1035.208815
-151607.520000;1031.917304
-151638.000000;1027.216744
-151668.480000;1022.123216
-151698.960000;1015.636011
-151729.440000;1009.148354
-151759.920000;1002.273320
-151790.400000;995.354046
-151820.880000;988.682611
-151851.360000;982.193090
-151881.840000;975.703091
-151912.320000;969.212607
-151942.800000;962.721635
-151973.280000;956.262522
-152003.760000;949.805744
-152034.240000;943.348990
-152064.720000;936.892260
-152095.200000;930.549780
-152125.680000;924.487708
-152156.160000;918.425119
-152186.640000;911.980719
-152217.120000;905.523475
-152247.600000;899.320337
-152278.080000;893.256272
-152308.560000;887.191668
-152339.040000;881.126521
-152369.520000;875.061640
-152400.000000;869.426084
-152430.480000;863.789969
-152460.960000;857.860390
-152491.440000;851.792447
-152521.920000;845.864011
-152552.400000;840.185556
-152582.880000;834.507391
-152613.360000;828.867125
-152643.840000;823.226261
-152674.320000;817.892553
-152704.800000;812.681169
-152735.280000;808.129381
-152765.760000;804.597378
-152796.240000;801.137228
-152826.720000;798.634844
-152857.200000;796.133680
-152887.680000;794.536777
-152918.160000;793.242513
-152948.640000;792.113490
-152979.120000;791.205538
-153009.600000;790.347033
-153040.080000;789.913367
-153070.560000;789.479686
-153101.040000;789.010330
-153131.520000;788.530530
-153162.000000;787.872501
-153192.480000;787.007299
-153222.960000;786.262598
-153253.440000;786.258744
-153283.920000;786.254871
-153314.400000;786.642440
-153344.880000;787.117651
-153375.360000;789.444912
-153405.840000;793.650684
-153436.320000;798.372331
-153466.800000;805.540597
-153497.280000;812.706765
-153527.760000;820.605222
-153558.240000;828.628533
-153588.720000;836.448131
-153619.200000;844.087895
-153649.680000;851.229462
-153680.160000;856.490320
-153710.640000;861.752554
-153741.120000;867.351490
-153771.600000;872.993824
-153802.080000;878.880285
-153832.560000;884.954677
-153863.040000;890.924923
-153893.520000;896.570004
-153924.000000;902.215786
-153954.480000;908.259188
-153984.960000;914.337077
-154015.440000;920.415682
-154045.920000;926.495007
-154076.400000;932.575057
-154106.880000;938.655837
-154137.360000;944.737353
-154167.840000;950.819610
-154198.320000;956.902613
-154228.800000;962.949152
-154259.280000;968.974352
-154289.760000;974.864985
-154320.240000;980.459450
-154350.720000;986.053896
-154381.200000;991.528196
-154411.680000;996.999751
-154442.160000;1001.934741
-154472.640000;1006.603760
-154503.120000;1011.059497
-154533.600000;1015.116566
-154564.080000;1019.088172
-154594.560000;1019.641057
-154625.040000;1020.195559
-154655.520000;1020.448821
-154686.000000;1020.575893
-154716.480000;1020.654960
-154746.960000;1020.653995
-154777.440000;1020.627387
-154807.920000;1020.195720
-154838.400000;1019.764050
-154868.880000;1019.381943
-154899.360000;1019.018195
-154929.840000;1018.627000
-154960.320000;1018.196308
-154990.800000;1017.765615
-155021.280000;1017.334922
-155051.760000;1016.904229
-155082.240000;1016.473536
-155112.720000;1016.042843
-155143.200000;1015.612150
-155173.680000;1015.181458
-155204.160000;1014.750765
-155234.640000;1014.320072
-155265.120000;1013.889379
-155295.600000;1013.746984
-155326.080000;1013.672883
-155356.560000;1013.252211
-155387.040000;1012.464637
-155417.520000;1011.793866
-155448.000000;1011.718242
-155478.480000;1011.641703
-155508.960000;1011.266298
-155539.440000;1010.834536
-155569.920000;1010.402771
-155600.400000;1009.971001
-155630.880000;1009.639726
-155661.360000;1009.717518
-155691.840000;1009.796244
-155722.320000;1009.428992
-155752.800000;1008.998300
-155783.280000;1008.045944
-155813.760000;1006.672457
-155844.240000;1005.397895
-155874.720000;1004.453183
-155905.200000;1003.507505
-155935.680000;1003.028409
-155966.160000;1002.595468
-155996.640000;1002.162518
-156027.120000;1001.729561
-156057.600000;1001.411321
-156088.080000;1001.409040
-156118.560000;1001.406751
-156149.040000;1001.811254
-156179.520000;1002.239641
-156210.000000;1002.722497
-156240.480000;1003.239167
-156270.960000;1003.730213
-156301.440000;1004.159736
-156331.920000;1004.589255
-156362.400000;1005.440414
-156392.880000;1006.300617
-156423.360000;1006.654578
-156453.840000;1006.745261
-156484.320000;1006.692558
-156514.800000;1006.354602
-156545.280000;1006.015177
-156575.760000;1005.492084
-156606.240000;1004.967955
-156636.720000;1004.043412
-156667.200000;1002.942392
-156697.680000;1001.967344
-156728.160000;1001.204822
-156758.640000;1000.448001
-156789.120000;999.784920
-156819.600000;999.123980
-156850.080000;998.706495
-156880.560000;998.381292
-156911.040000;998.271458
-156941.520000;998.479317
-156972.000000;998.733111
-157002.480000;999.477134
-157032.960000;1000.224454
-157063.440000;1001.552504
-157093.920000;1003.064755
-157124.400000;1002.818044
-157154.880000;1000.325333
-157185.360000;997.691713
-157215.840000;993.926998
-157246.320000;990.172386
-157276.800000;989.177592
-157307.280000;988.894195
-157337.760000;988.512774
-157368.240000;988.013751
-157398.720000;987.537426
-157429.200000;987.236064
-157459.680000;986.926835
-157490.160000;987.506521
-157520.640000;988.264832
-157551.120000;989.186628
-157581.600000;990.269456
-157612.080000;991.468280
-157642.560000;993.182074
-157673.040000;994.891259
-157703.520000;996.420710
-157734.000000;997.920088
-157764.480000;999.588151
-157794.960000;1001.397492
-157825.440000;1003.203308
-157855.920000;1005.005585
-157886.400000;1006.804307
-157916.880000;1008.106484
-157947.360000;1009.348115
-157977.840000;1009.439263
-158008.320000;1008.688397
-158038.800000;1007.622867
-158069.280000;1005.636649
-158099.760000;1003.656452
-158130.240000;1003.408006
-158160.720000;1003.283101
-158191.200000;1002.706263
-158221.680000;1001.842046
-158252.160000;1000.905712
-158282.640000;999.790373
-158313.120000;998.672560
-158343.600000;998.042055
-158374.080000;997.430578
-158404.560000;997.129902
-158435.040000;996.998133
-158465.520000;996.948609
-158496.000000;997.074173
-158526.480000;997.201184
-158556.960000;997.460227
-158587.440000;997.721790
-158617.920000;998.391577
-158648.400000;999.252956
-158678.880000;999.853882
-158709.360000;999.988269
-158739.840000;1000.134582
-158770.320000;1000.566761
-158800.800000;1000.998945
-158831.280000;1001.431132
-158861.760000;1001.863323
-158892.240000;1002.180722
-158922.720000;1002.321164
-158953.200000;1002.483423
-158983.680000;1002.917149
-159014.160000;1003.350882
-159044.640000;1004.107004
-159075.120000;1004.971442
-159105.600000;1005.896736
-159136.080000;1006.904751
-159166.560000;1007.899017
-159197.040000;1008.765032
-159227.520000;1009.631060
-159258.000000;1010.720034
-159288.480000;1011.869632
-159318.960000;1013.017895
-159349.440000;1014.164817
-159379.920000;1015.409611
-159410.400000;1017.265802
-159440.880000;1019.119278
-159471.360000;1020.618011
-159501.840000;1022.035337
-159532.320000;1022.885070
-159562.800000;1023.157904
-159593.280000;1022.884458
-159623.760000;1020.017465
-159654.240000;1017.151841
-159684.720000;1013.686364
-159715.200000;1010.118899
-159745.680000;1006.616160
-159776.160000;1003.169037
-159806.640000;999.721910
-159837.120000;996.274779
-159867.600000;992.827645
-159898.080000;989.380508
-159928.560000;985.933366
-159959.040000;982.486221
-159989.520000;979.039072
-160020.000000;975.552353
-160050.480000;971.941075
-160080.960000;968.328361
-160111.440000;964.714208
-160141.920000;961.098608
-160172.400000;957.381690
-160202.880000;953.595208
-160233.360000;949.733182
-160263.840000;945.679377
-160294.320000;941.624097
-160324.800000;937.241806
-160355.280000;932.839800
-160385.760000;928.378386
-160416.240000;923.883056
-160446.720000;919.358379
-160477.200000;914.767656
-160507.680000;910.170974
-160538.160000;906.767912
-160568.640000;903.374790
-160599.120000;903.495140
-160629.600000;905.368493
-160660.080000;908.408444
-160690.560000;913.658663
-160721.040000;918.919265
-160751.520000;924.428229
-160782.000000;929.940166
-160812.480000;934.548327
-160842.960000;938.774179
-160873.440000;942.769553
-160903.920000;946.385813
-160934.400000;949.989332
-160964.880000;953.364107
-160995.360000;956.741923
-161025.840000;959.846438
-161056.320000;962.852295
-161086.800000;965.658077
-161117.280000;968.183190
-161147.760000;970.715924
-161178.240000;973.294624
-161208.720000;975.873312
-161239.200000;978.303179
-161269.680000;980.687331
-161300.160000;982.964024
-161330.640000;985.110153
-161361.120000;987.256266
-161391.600000;989.402363
-161422.080000;991.548443
-161452.560000;993.694508
-161483.040000;995.840556
-161513.520000;997.778565
-161544.000000;999.493896
-161574.480000;1001.246085
-161604.960000;1003.189312
-161635.440000;1005.130917
-161665.920000;1006.880849
-161696.400000;1008.594227
-161726.880000;1010.423905
-161757.360000;1012.360850
-161787.840000;1014.208886
-161818.320000;1015.698054
-161848.800000;1017.188827
-161879.280000;1018.314454
-161909.760000;1019.385558
-161940.240000;1020.096496
-161970.720000;1020.515732
-162001.200000;1020.736987
-162031.680000;1020.294806
-162062.160000;1019.852602
-162092.640000;1019.215164
-162123.120000;1018.559492
-162153.600000;1017.778089
-162184.080000;1016.907041
-162214.560000;1016.149742
-162245.040000;1015.709339
-162275.520000;1015.268915
-162306.000000;1014.828472
-162336.480000;1014.388010
-162366.960000;1013.680339
-162397.440000;1012.809153
-162427.920000;1012.066502
-162458.400000;1011.625960
-162488.880000;1011.185398
-162519.360000;1010.744816
-162549.840000;1010.304214
-162580.320000;1010.277498
-162610.800000;1010.467635
-162641.280000;1010.446196
-162671.760000;1010.003515
-162702.240000;1009.547071
-162732.720000;1007.848580
-162763.200000;1006.153531
-162793.680000;1005.297439
-162824.160000;1004.816004
-162854.640000;1004.046557
-162885.120000;1002.787950
-162915.600000;1001.530707
-162946.080000;1000.230518
-162976.560000;998.930312
-163007.040000;996.695485
-163037.520000;994.103200
-163068.000000;992.127195
-163098.480000;991.071266
-163128.960000;990.046662
-163159.440000;989.363960
-163189.920000;988.679465
-163220.400000;988.041967
-163250.880000;987.421415
-163281.360000;986.960693
-163311.840000;986.703825
-163342.320000;986.502338
-163372.800000;986.746104
-163403.280000;986.991658
-163433.760000;987.580095
-163464.240000;988.259924
-163494.720000;988.498761
-163525.200000;988.237557
-163555.680000;987.821225
-163586.160000;986.522824
-163616.640000;985.224410
-163647.120000;984.637706
-163677.600000;984.200632
-163708.080000;984.197993
-163738.560000;984.622258
-163769.040000;985.125097
-163799.520000;985.980020
-163830.000000;986.834931
-163860.480000;986.436795
-163890.960000;985.837355
-163921.440000;985.007775
-163951.920000;983.981364
-163982.400000;983.074038
-164012.880000;982.594431
-164043.360000;982.120450
-164073.840000;981.793024
-164104.320000;981.486027
-164134.800000;981.093674
-164165.280000;980.640159
-164195.760000;980.014688
-164226.240000;978.863733
-164256.720000;977.716607
-164287.200000;977.934253
-164317.680000;978.252184
-164348.160000;978.304805
-164378.640000;978.184469
-164409.120000;978.102270
-164439.600000;978.120086
-164470.080000;978.132147
-164500.560000;978.136792
-164531.040000;978.141276
-164561.520000;978.236988
-164592.000000;978.382094
-164622.480000;978.525265
-164652.960000;978.666497
-164683.440000;978.805783
-164713.920000;979.080136
-164744.400000;979.350898
-164774.880000;980.016853
-164805.360000;980.873656
-164835.840000;981.824870
-164866.320000;982.945818
-164896.800000;984.086129
-164927.280000;985.930094
-164957.760000;987.772063
-164988.240000;990.100269
-165018.720000;992.622462
-165049.200000;995.610913
-165079.680000;999.343411
-165110.160000;1003.277454
-165140.640000;1010.028639
-165171.120000;1016.781797
-165201.600000;1023.627357
-165232.080000;1030.504214
-165262.560000;1036.552501
-165293.040000;1041.470514
-165323.520000;1046.372879
-165354.000000;1051.100943
-165384.480000;1055.828991
-165414.960000;1058.880538
-165445.440000;1061.455162
-165475.920000;1062.653195
-165506.400000;1062.213040
-165536.880000;1061.366802
-165567.360000;1057.911869
-165597.840000;1054.456920
-165628.320000;1050.651913
-165658.800000;1046.766256
-165689.280000;1042.880583
-165719.760000;1038.994895
-165750.240000;1035.181946
-165780.720000;1031.726905
-165811.200000;1028.271849
-165841.680000;1025.181564
-165872.160000;1022.157154
-165902.640000;1019.132728
-165933.120000;1016.108288
-165963.600000;1012.801872
-165994.080000;1008.390783
-166024.560000;1003.981777
-166055.040000;998.138443
-166085.520000;992.101631
-166116.000000;987.801641
-166146.480000;984.868488
-166176.960000;982.197904
-166207.440000;980.378190
-166237.920000;978.560583
-166268.400000;976.823169
-166298.880000;975.093045
-166329.360000;973.618526
-166359.840000;972.319055
-166390.320000;971.019572
-166420.800000;969.720077
-166451.280000;968.420571
-166481.760000;967.121053
-166512.240000;965.821523
-166542.720000;964.521981
-166573.200000;963.222428
-166603.680000;961.922863
-166634.160000;960.623286
-166664.640000;959.323697
-166695.120000;957.955003
-166725.600000;956.587326
-166756.080000;954.981781
-166786.560000;953.254006
-166817.040000;951.526224
-166847.520000;949.798434
-166878.000000;948.069486
-166908.480000;946.279133
-166938.960000;944.490974
-166969.440000;944.246073
-166999.920000;944.674184
-167030.400000;945.446366
-167060.880000;946.792450
-167091.360000;948.116726
-167121.840000;949.082450
-167152.320000;950.043713
-167182.800000;950.962093
-167213.280000;951.863740
-167243.760000;952.452509
-167274.240000;952.585867
-167304.720000;952.691886
-167335.200000;952.568660
-167365.680000;952.429654
-167396.160000;954.429910
-167426.640000;957.106036
-167457.120000;959.491947
-167487.600000;961.501725
-167518.080000;963.523125
-167548.560000;965.585412
-167579.040000;967.652227
-167609.520000;969.094445
-167640.000000;970.378523
-167670.480000;971.662588
-167700.960000;972.946642
-167731.440000;974.230683
-167761.920000;975.514712
-167792.400000;976.798729
-167822.880000;977.724052
-167853.360000;978.577371
-167883.840000;979.444212
-167914.320000;980.322250
-167944.800000;981.193393
-167975.280000;982.043973
-168005.760000;982.894536
-168036.240000;983.745084
-168066.720000;984.595616
-168097.200000;984.996672
-168127.680000;985.018944
-168158.160000;985.029370
-168188.640000;985.013055
-168219.120000;984.996715
-168249.600000;985.345910
-168280.080000;985.739653
-168310.560000;986.143968
-168341.040000;986.555393
-168371.520000;986.860382
-168402.000000;986.852140
-168432.480000;986.843887
-168462.960000;987.238426
-168493.440000;987.660821
-168523.920000;988.082063
-168554.400000;988.504497
-168584.880000;988.929153
-168615.360000;989.354275
-168645.840000;989.779388
-168676.320000;990.204494
-168706.800000;990.629591
-168737.280000;990.780054
-168767.760000;990.782966
-168798.240000;990.788281
-168828.720000;990.796006
-168859.200000;990.804654
-168889.680000;990.399099
-168920.160000;989.998393
-168950.640000;989.612756
-168981.120000;989.238803
-169011.600000;989.305506
-169042.080000;990.142860
-169072.560000;990.959872
-169103.040000;991.377937
-169133.520000;991.793565
-169164.000000;991.915353
-169194.480000;991.921054
-169224.960000;992.086108
-169255.440000;992.494797
-169285.920000;992.872154
-169316.400000;992.875021
-169346.880000;992.877891
-169377.360000;992.557841
-169407.840000;992.130050
-169438.320000;991.532819
-169468.800000;990.710777
-169499.280000;989.887298
-169529.760000;989.031748
-169560.240000;988.176206
-169590.720000;987.626245
-169621.200000;987.158288
-169651.680000;986.508919
-169682.160000;985.650496
-169712.640000;984.852361
-169743.120000;984.424614
-169773.600000;983.996872
-169804.080000;983.528507
-169834.560000;983.048811
-169865.040000;982.378848
-169895.520000;981.517512
-169926.000000;980.731140
-169956.480000;980.300471
-169986.960000;979.869803
-170017.440000;979.072167
-170047.920000;978.210831
-170078.400000;977.577799
-170108.880000;977.147132
-170139.360000;976.653324
-170169.840000;975.922403
-170200.320000;975.196620
-170230.800000;975.441437
-170261.280000;975.808145
-170291.760000;975.929303
-170322.240000;975.860194
-170352.720000;975.701792
-170383.200000;975.271125
-170413.680000;974.840458
-170444.160000;974.409791
-170474.640000;973.979124
-170505.120000;973.548457
-170535.600000;973.117790
-170566.080000;972.687123
-170596.560000;972.256457
-170627.040000;971.825790
-170657.520000;971.395124
-170688.000000;970.964458
-170718.480000;970.533791
-170748.960000;970.103125
-170779.440000;969.777881
-170809.920000;969.685205
-170840.400000;969.589889
-170870.880000;969.160085
-170901.360000;968.726346
-170931.840000;968.357611
-170962.320000;968.023632
-170992.800000;967.657798
-171023.280000;967.227133
-171053.760000;966.798769
-171084.240000;966.472342
-171114.720000;966.148587
-171145.200000;965.979423
-171175.680000;965.873374
-171206.160000;965.684599
-171236.640000;965.365345
-171267.120000;965.048780
-171297.600000;964.734909
-171328.080000;964.423737
-171358.560000;964.431556
-171389.040000;964.556462
-171419.520000;964.892087
-171450.000000;965.521038
-171480.480000;966.077693
-171510.960000;965.957662
-171541.440000;965.834916
-171571.920000;965.144231
-171602.400000;964.282903
-171632.880000;963.556468
-171663.360000;962.995319
-171693.840000;962.447765
-171724.320000;962.013921
-171754.800000;961.580073
-171785.280000;960.909255
-171815.760000;960.182571
-171846.240000;959.599194
-171876.720000;959.168531
-171907.200000;958.737868
-171937.680000;958.307205
-171968.160000;957.876542
-171998.640000;957.445879
-172029.120000;957.015216
-172059.600000;956.515064
-172090.080000;955.953536
-172120.560000;955.339624
-172151.040000;954.484772
-172181.520000;953.629927
-172212.000000;953.015244
-172242.480000;952.433701
-172272.960000;951.463398
-172303.440000;950.174668
-172333.920000;948.763540
-172364.400000;946.937676
-172394.880000;945.117447
-172425.360000;942.913365
-172455.840000;940.673774
-172486.320000;939.401444
-172516.800000;938.817552
-172547.280000;938.791564
-172577.760000;940.355347
-172608.240000;941.916307
-172638.720000;942.906563
-172669.200000;943.853941
-172699.680000;944.483356
-172730.160000;944.917329
-172760.640000;945.224535
-172791.120000;945.227854
-172821.600000;945.231178
-172852.080000;944.576394
-172882.560000;943.905730
-172913.040000;943.201574
-172943.520000;942.485494
-172974.000000;942.422575
-173004.480000;943.684953
-173034.960000;944.948256
-173065.440000;945.443896
-173095.920000;945.933776
-173126.400000;945.963625
-173156.880000;945.780549
-173187.360000;945.583751
-173217.840000;945.368945
-173248.320000;945.157066
-173278.800000;944.948120
-173309.280000;944.742112
-173339.760000;944.710232
-173370.240000;944.740924
-173400.720000;944.849215
-173431.200000;945.080857
-173461.680000;945.309580
-173492.160000;945.535378
-173522.640000;945.758246
-173553.120000;945.330334
-173583.600000;944.686011
-173614.080000;944.038742
-173644.560000;943.388524
-173675.040000;942.783745
-173705.520000;942.578563
-173736.000000;942.376347
-173766.480000;942.156735
-173796.960000;941.929249
-173827.440000;941.606258
-173857.920000;941.175600
-173888.400000;940.806104
-173918.880000;940.806104
-173949.360000;940.806104
-173979.840000;940.610355
-174010.320000;940.368907
-174040.800000;940.244823
-174071.280000;940.241337
-174101.760000;940.280899
-174132.240000;940.523898
-174162.720000;940.769907
-174193.200000;941.018931
-174223.680000;941.270975
-174254.160000;941.620921
-174284.640000;942.055092
-174315.120000;942.362114
-174345.600000;942.192110
-174376.080000;942.025148
-174406.560000;941.782180
-174437.040000;941.526525
-174467.520000;941.362737
-174498.000000;941.266365
-174528.480000;941.188559
-174558.960000;941.185009
-174589.440000;941.181455
-174619.920000;941.427244
-174650.400000;941.697170
-174680.880000;941.642042
-174711.360000;941.365972
-174741.840000;941.240426
-174772.320000;941.515503
-174802.800000;941.793663
-174833.280000;941.806104
-174863.760000;941.806104
-174894.240000;941.806104
-174924.720000;941.806104
-174955.200000;941.806104
-174985.680000;941.806104
-175016.160000;941.806104
-175046.640000;941.806104
-175077.120000;941.806104
-175107.600000;941.896438
-175138.080000;942.029197
-175168.560000;942.216209
-175199.040000;942.513096
-175229.520000;942.806104
-175260.000000;942.806104
-175290.480000;942.806104
-175320.960000;942.806104
-175351.440000;942.806104
-175381.920000;942.969380
-175412.400000;943.400033
-175442.880000;943.806104
-175473.360000;943.806104
-175503.840000;943.806104
-175534.320000;944.122644
-175564.800000;944.553297
-175595.280000;944.806104
-175625.760000;944.806104
-175656.240000;944.845254
-175686.720000;945.275906
-175717.200000;945.706558
-175747.680000;945.806104
-175778.160000;945.806104
-175808.640000;945.998514
-175839.120000;946.429166
-175869.600000;946.818054
-175900.080000;946.912062
-175930.560000;947.002858
-175961.040000;947.290029
-175991.520000;947.628850
-176022.000000;947.806104
-176052.480000;947.806104
-176082.960000;947.874377
-176113.440000;948.305028
-176143.920000;948.735679
-176174.400000;949.166329
-176204.880000;949.596980
-176235.360000;950.027631
-176265.840000;950.458281
-176296.320000;950.820182
-176326.800000;950.891437
-176357.280000;950.959431
-176387.760000;951.654828
-176418.240000;952.447083
-176448.720000;952.806104
-176479.200000;952.806104
-176509.680000;952.903481
-176540.160000;953.334131
-176570.640000;953.764780
-176601.120000;954.584755
-176631.600000;955.446054
-176662.080000;956.056728
-176692.560000;956.487377
-176723.040000;957.016890
-176753.520000;957.830024
-176784.000000;958.646467
-176814.480000;959.508689
-176844.960000;960.373835
-176875.440000;961.238985
-176905.920000;962.104138
-176936.400000;962.969295
-176966.880000;963.834456
-176997.360000;964.699620
-177027.840000;966.368912
-177058.320000;968.065025
-177088.800000;970.024505
-177119.280000;972.130419
-177149.760000;974.525036
-177180.240000;977.505671
-177210.720000;980.493033
-177241.200000;983.487134
-177271.680000;986.487983
-177302.160000;988.049782
-177332.640000;988.942373
-177363.120000;989.679467
-177393.600000;990.141474
-177424.080000;990.620335
-177454.560000;991.513052
-177485.040000;992.405800
-177515.520000;993.911277
-177546.000000;995.661563
-177576.480000;997.759338
-177606.960000;1000.380675
-177637.440000;1003.120458
-177667.920000;1007.443078
-177698.400000;1011.752079
-177728.880000;1015.408653
-177759.360000;1018.845407
-177789.840000;1021.725288
-177820.320000;1023.867469
-177850.800000;1026.234263
-177881.280000;1030.508882
-177911.760000;1034.776626
-177942.240000;1038.051035
-177972.720000;1041.053563
-178003.200000;1044.065611
-178033.680000;1047.091256
-178064.160000;1050.120340
-178094.640000;1053.152870
-178125.120000;1056.188849
-178155.600000;1059.228284
-178186.080000;1062.271179
-178216.560000;1065.333771
-178247.040000;1068.418925
-178277.520000;1071.573329
-178308.000000;1075.026558
-178338.480000;1078.479794
-178368.960000;1081.636786
-178399.440000;1084.748701
-178429.920000;1088.071927
-178460.400000;1091.580898
-178490.880000;1095.003992
-178521.360000;1098.089356
-178551.840000;1101.178246
-178582.320000;1103.841821
-178612.800000;1106.450152
-178643.280000;1108.120296
-178673.760000;1109.066041
-178704.240000;1110.015335
-178734.720000;1110.968181
-178765.200000;1111.924586
-178795.680000;1112.945221
-178826.160000;1113.978156
-178856.640000;1115.275309
-178887.120000;1116.753128
-178917.600000;1119.086874
-178948.080000;1123.668820
-178978.560000;1128.261476
-179009.040000;1132.790140
-179039.520000;1137.322368
-179070.000000;1139.469159
-179100.480000;1140.224901
-179130.960000;1142.267376
-179161.440000;1147.175329
-179191.920000;1152.086938
-179222.400000;1160.735693
-179252.880000;1169.435917
-179283.360000;1178.422299
-179313.840000;1187.553326
-179344.320000;1196.650866
-179374.800000;1205.681540
-179405.280000;1214.728008
-179435.760000;1224.716453
-179466.240000;1234.704975
-179496.720000;1244.544057
-179527.200000;1254.312366
-179557.680000;1263.953287
-179588.160000;1273.389842
-179618.640000;1282.799724
-179649.120000;1291.798519
-179679.600000;1300.793747
-179710.080000;1309.470369
-179740.560000;1318.027807
-179771.040000;1326.405352
-179801.520000;1334.524979
-179832.000000;1342.614520
-179862.480000;1350.425400
-179892.960000;1358.236333
-179923.440000;1365.945876
-179953.920000;1373.621102
-179984.400000;1381.162294
-180014.880000;1388.538543
-180045.360000;1395.914841
-180075.840000;1403.291188
-180106.320000;1410.667586
-180136.800000;1417.700068
-180167.280000;1424.645928
-180197.760000;1431.591838
-180228.240000;1438.537798
-180258.720000;1445.440899
-180289.200000;1452.111284
-180319.680000;1458.785425
-180350.160000;1465.558101
-180380.640000;1472.346837
-180411.120000;1479.077605
-180441.600000;1485.758183
-180472.080000;1492.411356
-180502.560000;1498.931454
-180533.040000;1505.451607
-180563.520000;1512.120233
-180594.000000;1518.815389
-180624.480000;1525.419107
-180654.960000;1531.943821
-180685.440000;1538.468593
-180715.920000;1544.993423
-180746.400000;1551.518311
-180776.880000;1558.209220
-180807.360000;1564.922315
-180837.840000;1571.530542
-180868.320000;1578.060035
-180898.800000;1584.528721
-180929.280000;1590.822122
-180959.760000;1597.119361
-180990.240000;1603.637751
-181020.720000;1610.171947
-181051.200000;1616.566251
-181081.680000;1622.874498
-181112.160000;1629.310910
-181142.640000;1636.057517
-181173.120000;1642.807996
-181203.600000;1649.146146
-181234.080000;1655.473749
-181264.560000;1661.944305
-181295.040000;1668.492380
-181325.520000;1675.042661
-181356.000000;1681.602549
-181386.480000;1688.170165
-181416.960000;1694.727442
-181447.440000;1701.284804
-181477.920000;1707.859703
-181508.400000;1714.449421
-181538.880000;1720.964385
-181569.360000;1727.335022
-181599.840000;1733.724033
-181630.320000;1740.533193
-181660.800000;1747.346307
-181691.280000;1753.857054
-181721.760000;1760.247458
-181752.240000;1766.737380
-181782.720000;1773.383937
-181813.200000;1780.050488
-181843.680000;1786.891929
-181874.160000;1793.737364
-181904.640000;1800.266052
-181935.120000;1806.688857
-181965.600000;1813.806682
-181996.080000;1821.866922
-182026.560000;1829.750320
-182057.040000;1836.080482
-182087.520000;1842.406858
-182118.000000;1846.257430
-182148.480000;1849.403505
-182178.960000;1852.156861
-182209.440000;1854.441906
-182239.920000;1856.747685
-182270.400000;1859.184683
-182300.880000;1861.617869
-182331.360000;1864.276615
-182361.840000;1866.988294
-182392.320000;1869.700085
-182422.800000;1872.411985
-182453.280000;1875.147461
-182483.760000;1877.997457
-182514.240000;1880.843612
-182544.720000;1883.936419
-182575.200000;1887.074905
-182605.680000;1890.213498
-182636.160000;1893.352197
-182666.640000;1896.491003
-182697.120000;1899.629915
-182727.600000;1902.768934
-182758.080000;1905.908060
-182788.560000;1909.047292
-182819.040000;1912.057116
-182849.520000;1914.970014
-182880.000000;1917.263883
